Date,Open,High,Low,Close,Volume
2011-07-18,325.1693732661202,329.50161913216465,325.0444002952762,327.50213623046875,1082795
2011-07-19,325.7942654131587,334.08389606617095,325.7942654131587,331.95941162109375,3797711
2011-07-20,333.25073043462595,334.08387425760253,328.0020343712362,329.376708984375,3221108
2011-07-21,327.41883067285454,331.0012954475675,326.7939939747278,329.16839599609375,5572151
2011-07-22,331.2512013021409,343.70646522741174,330.043166802791,342.5400695800781,11423101
2011-07-25,341.58197425667703,365.0761600391369,341.2070835429485,360.4523010253906,15650804
2011-07-26,358.24449126029697,360.4522812018694,351.78776146298634,353.74560546875,7871857
2011-07-27,355.661778131232,360.24396941253775,351.9960081798276,357.86956787109375,5289506
2011-07-28,351.99611568769996,361.160529259938,351.99611568769996,358.91107177734375,4924393
2011-07-29,358.66105360466935,365.9509272111372,355.0369503314533,364.28466796875,7995295
2011-08-01,373.1158078824514,373.1158078824514,364.74290084666427,367.70050048828125,4307734
2011-08-02,364.53465654427237,366.3675278199723,358.2445377475352,360.2440490722656,3038663
2011-08-03,356.57822186794897,359.8274343089737,343.8314026643337,355.1202697753906,15342713
2011-08-04,353.2457756978865,357.41141004487054,349.7049780397685,353.28741455078125,3936601
2011-08-05,340.66556398082577,350.70473082727653,340.5822298545014,346.41412353515625,5985715
2011-08-08,333.25068430751065,345.6226130602613,329.33499633439135,340.2073059082031,8689189
2011-08-09,327.62707532501463,343.581439092052,326.7106257739869,339.29083251953125,10113344
2011-08-10,342.4150716988648,344.456221449174,332.58415718913454,338.95758056640625,7288802
2011-08-11,338.2494406689914,338.9992502113493,329.08502972419393,330.8345947265625,7416538
2011-08-12,334.08380665792504,334.3337243647035,320.7537620829998,324.1695861816406,7043295
2011-08-16,327.2105646924634,335.5835009046072,323.08659718503503,329.79327392578125,12588424
2011-08-17,329.1667715354647,334.846372249199,320.3967915268905,331.08782958984375,5418918
2011-08-18,332.173700866204,335.93227256482515,325.82587894499926,326.6611328125,6516533
2011-08-19,323.2366244523971,329.7932238276179,315.0513183803428,320.4385681152344,8120797
2011-08-22,319.2274568830868,329.417336642254,318.30868633712777,327.9974365234375,3679094
2011-08-23,329.6679146731575,338.1038274870714,327.83040171064334,335.4310607910156,9573967
2011-08-24,334.09470554997716,337.56095368579184,330.169100346425,332.1736755371094,5267076
2011-08-25,335.6816512218772,341.94592716850246,328.12276446833357,336.0157470703125,8509606
2011-08-26,334.4288361830265,341.02720899347196,330.2109072647637,332.9671630859375,6279865
2011-08-29,336.6004310857502,343.0317698139719,336.3916246924764,338.31268310546875,3645172
2011-08-30,339.94137932124687,347.83436255578005,334.97171378326436,337.97857666015625,5582539
2011-09-02,347.4585617647644,349.92249437698723,339.5238050404759,341.2778015136719,5725538
2011-09-05,336.18274755265423,341.8206038307694,334.6793305246421,338.730224609375,2947636
2011-09-06,336.683951277139,339.10613919778245,326.45229735594165,332.633056640625,4929940
2011-09-07,334.0946833974843,338.93905897940147,332.4659767688154,335.47283935546875,4690977
2011-09-08,335.4728009563286,337.68618212734265,330.9207491522749,333.6770324707031,3950839
2011-09-09,337.3521535493765,339.9413753403961,330.4196854314854,334.2200012207031,6006553
2011-09-12,331.63071018937933,332.29890179246496,319.5197727360085,322.2342834472656,3285687
2011-09-13,325.65881068489165,327.2875173734239,316.8888298373721,318.6845703125,4165475
2011-09-14,319.8956919116368,320.73094576298337,311.12571030583825,315.1766052246094,6358228
2011-09-15,319.06045870300574,325.6588310450111,311.2927649355753,323.3201599121094,5017504
2011-09-16,324.73998781781415,325.5752414626939,318.76806425304846,322.2342834472656,6904041
2011-09-19,320.7309431637389,325.6588362031536,316.97237156827026,323.1113586425781,3371857
2011-09-20,324.740075211008,327.8304551364427,322.2343701661307,326.9117126464844,4068649
2011-09-21,329.8766870782414,330.2942997251945,326.9951145629961,328.456787109375,2724946
2011-09-22,324.6565114975658,324.6565114975658,307.40887368750106,311.3762512207031,5455410
2011-09-23,308.20236608491655,319.2275010330444,301.2281257079592,313.2137756347656,7868621
2011-09-26,314.6754429060861,321.8584895288987,307.3671068044621,318.14166259765625,3952985
2011-09-27,322.8190200324041,325.28295229415704,318.7681253387013,323.7377624511719,5324327
2011-09-28,325.57527213619557,325.57527213619557,314.8424611767377,316.7635192871094,2039546
2011-09-29,314.8842042517569,318.05810022696744,312.0444040782552,313.5478210449219,4224977
2011-09-30,314.75893701234037,324.48946024778905,310.4992364513597,315.7194519042969,3532661
2011-10-03,311.6268418101797,319.85392044089554,309.91458994365513,318.1834411621094,3565880
2011-10-04,316.1371177115579,319.9792058630028,305.15375548068545,308.9540710449219,5282999
2011-10-05,312.29506817142044,312.29506817142044,304.90321421893265,305.78021240234375,4972635
2011-10-07,310.03985230419937,313.96545705441866,290.829412983709,296.34197998046875,15009037
2011-10-10,294.0033501429264,307.3671285014044,286.94559250072064,303.65032958984375,11169676
2011-10-11,306.7406931820231,317.76582813015096,306.5318868076169,313.2137756347656,6990486
2011-10-12,314.0489671554465,315.6776735221602,309.16281977326105,311.7102966308594,4115359
2011-10-13,314.04902571007585,314.80073430548146,305.78017459651517,308.9540710449219,5213981
2011-10-14,306.69895023879144,321.4826282739533,306.69895023879144,320.4385681152344,4098263
2011-10-17,318.60108416045756,323.111364500378,315.0095745816135,317.4317626953125,2744407
2011-10-18,312.83793509309453,316.9305739649377,310.16516825266643,312.4620666503906,3313805
2011-10-19,313.4643477273055,322.90252008464876,310.4992576808472,321.3573303222656,4284200
2011-10-20,318.22520150638644,327.3710221770191,317.3899477581041,325.7840881347656,2774385
2011-10-21,327.32926062177614,327.32926062177614,314.4666137709747,315.7194519042969,3257674
2011-10-24,321.0650100206788,321.3991058718969,314.9260235013392,319.8956604003906,2446054
2011-10-25,322.4013735845966,328.7909103875931,318.97689839086945,324.44769287109375,3540580
2011-10-28,333.4264713040342,341.8623837519754,324.99058713814003,327.3710021972656,4732927
2011-10-31,328.9161783008138,330.41962358125426,324.364154723768,327.2457275390625,2421868
2011-11-01,323.0695812807451,330.75375748520605,323.0695812807451,329.54266357421875,1820597
2011-11-02,325.7841542736499,330.50324133641936,320.1045520733037,321.1068115234375,2944231
2011-11-03,320.2715274281068,329.75147241787204,319.93743157836025,328.5821228027344,3647871
2011-11-04,326.5775205282388,334.51224611869014,321.6078562129555,331.8395080566406,8406519
2011-11-08,331.5890049473158,336.0157681462314,330.0438150866397,331.71429443359375,4424674
2011-11-09,330.41967088673607,336.18278906037244,328.248033677868,330.1273193359375,3521903
2011-11-11,325.74233564516413,333.17596153786167,324.8653375386934,330.419677734375,3732083
2011-11-14,332.96710431644954,339.6907654378523,332.0065893796916,338.43792724609375,6553674
2011-11-15,338.2708612645507,341.19420690887375,334.1781943317274,335.4310607910156,6318187
2011-11-16,338.18734437581105,344.1175242711485,330.58668529543877,335.4310607910156,7013063
2011-11-17,336.0992829361079,341.44478853079966,328.0392378138637,330.46142578125,4380305
2011-11-18,327.0786993195735,335.7651629636122,327.0786993195735,332.006591796875,6292013
2011-11-21,320.73089443130925,330.586679012633,319.8956407136417,324.44769287109375,10344432
2011-11-22,323.23663678573706,324.74005405832435,311.2092420409368,316.3041687011719,7128770
2011-11-23,312.37857395200484,312.37857395200484,296.34202823144676,304.69439697265625,11163073
2011-11-24,306.53189986525246,321.14854467067653,303.3580032442065,316.3041687011719,13372340
2011-11-25,314.00730313759203,319.2275481137965,309.4552499708546,313.339111328125,5145884
2011-11-28,315.71945071297625,325.5752633809771,315.2600937017198,323.6542053222656,6559205
2011-11-29,326.4105080304328,327.53808503823683,307.4506466750764,312.1279602050781,7609984
2011-11-30,314.0490390595222,324.9071122723686,306.7407026026511,322.48492431640625,52303883
2011-12-01,328.16450898426746,330.4614073379697,313.088479772253,316.63824462890625,9331900
2011-12-02,318.47574806166966,328.9579802505119,310.95863411655813,326.24346923828125,10460760
2011-12-05,327.49632605734274,332.25718495759327,322.10904802986585,326.1599426269531,5113184
2011-12-07,326.1599685275004,326.5776095941998,314.0490563624727,315.1766052246094,8320600
2011-12-08,314.4666410936225,314.4666410936225,304.1096978916427,306.7406921386719,6636511
2011-12-09,304.36025425202405,305.613092401168,293.7109885740622,299.5993957519531,9838610
2011-12-12,301.81283779212623,303.02393188245316,284.35639082350724,285.9015808105469,8782284
2011-12-13,283.6463939309614,293.00104968480764,281.433040686203,288.86663818359375,6780262
2011-12-14,288.3237320036204,295.50675043839084,285.56744827984346,291.33056640625,5910234
2011-12-15,282.31001102863223,285.8180030562376,277.29857364487646,281.18243408203125,10973531
2011-12-16,282.01771098237947,294.50451999602865,275.21053204037094,281.0989685058594,7910102
2011-12-19,278.96908812256464,286.8203268776337,268.3198212204691,280.9736633300781,12067526
2011-12-20,283.8134265727475,283.8134265727475,266.64930665475146,269.9902648925781,8932351
2011-12-21,277.29864184005265,288.28200591940623,273.7071320433146,285.2333984375,5158308
2011-12-22,283.14530196569444,285.6510070963184,270.03207312995534,279.9714050292969,6559119
2011-12-23,280.6395871068589,282.18477706889047,273.6653459816255,276.1710510253906,3595847
2011-12-26,278.9690884049722,288.657840302378,278.13386287535485,287.9478759765625,4068563
2011-12-27,288.24018122129996,290.6205962238499,284.14751456329856,286.5697021484375,2796709
2011-12-28,286.2356363334605,288.95014743508364,283.64638642863974,287.07086181640625,2156133
2011-12-29,286.4861773896306,293.001003171628,280.89006557887024,284.77392578125,5623529
2011-12-30,285.7344894515907,289.1589649715922,282.435303415279,286.9038391113281,3812196
2012-01-02,287.7390450730862,291.4140993107272,285.8597595095486,287.9896240234375,2178980
2012-01-03,290.24470761071717,301.0610341073378,288.36542231989773,299.5576171875,2346402
2012-01-04,296.6343210664517,298.17951082185607,288.5743047248497,289.28424072265625,3242474
2012-01-05,289.8271570636077,291.33057430568766,285.7344898134449,287.6555480957031,3215175
2012-01-06,285.6509239996935,285.6509239996935,274.208178007114,276.08746337890625,8772101
2012-01-09,275.6281107457726,275.96220659102767,267.2757428964447,267.651611328125,8372999
2012-01-10,268.15271995060465,278.4679177590983,268.15271995060465,275.9204406738281,9865514
2012-01-11,277.29857261744127,277.29857261744127,269.94849276388004,271.99481201171875,6875226
2012-01-12,273.91586075395344,275.5863398188551,270.86725413678687,272.6629943847656,4734619
2012-01-13,275.62812654412176,282.72765659220806,274.3335156753227,279.47021484375,8236860
2012-01-16,279.9296346075086,286.31920112350844,279.80434510769726,283.98052978515625,3766280
2012-01-17,287.90616301734013,290.2448060677271,284.23110806636146,288.198486328125,5172743
2012-01-18,290.16129976226,293.75280965674466,286.90388578461494,288.5325927734375,2394995
2012-01-19,283.14526069640687,287.82257437303525,280.84836230461036,284.60693359375,4665303
2012-01-20,285.7762340484072,289.74361142109296,282.0176630340684,285.9432678222656,3440022
2012-01-23,284.02226706037493,296.17495108210727,284.02226706037493,294.1286315917969,3367453
2012-01-24,296.25846992752855,302.0215877155778,294.21212233705137,297.8871765136719,3954176
2012-01-25,300.68520191350956,304.40200036265827,295.75730961043223,300.1005554199219,4730488
2012-01-27,305.65493800274805,313.8820179525871,299.682984229318,312.8797302246094,5182957
2012-01-30,310.7080405170906,312.29500274606005,296.55078305337184,298.3047790527344,2818227
2012-01-31,302.18869232605584,309.41348394150367,296.50906234423576,305.44610595703125,5104196
2012-02-01,304.6943724042648,304.6943724042648,297.80367723299935,301.7710266113281,6292396
2012-02-02,306.53187205672043,330.29436439243085,299.51588771173425,322.2760925292969,28098827
2012-02-03,328.6656835387792,334.888187217634,322.0673114053939,323.7377624511719,17943219
2012-02-06,329.08329236120704,329.08329236120704,321.7749559952038,324.9488525390625,6714609
2012-02-07,325.7423163958067,326.1599291300096,312.8796688336556,316.3459167480469,6895811
2012-02-08,309.0376064209583,309.0376064209583,293.5022191012657,295.673828125,25849826
2012-02-09,294.6297656679817,295.63205327482257,287.6555532915344,292.4164123535156,15203006
2012-02-10,293.1681664696758,298.5136729200674,290.6624612048689,292.2911682128906,9889723
2012-02-13,292.6668990927243,293.96150969623784,286.9872988437329,290.4117736816406,8476202
2012-02-14,291.4976074568447,291.4976074568447,284.8574634460429,285.9432678222656,8190882
2012-02-15,288.99191447279026,294.83854930524154,287.19614578048015,291.9987487792969,11796765
2012-02-16,295.2562079392612,297.92894656208256,288.99193171750557,292.6252136230469,8826660
2012-02-17,296.5090285211057,296.96841384072445,289.9524294161438,291.9987487792969,10426697
2012-02-21,292.33282405746604,301.10280397124205,289.15892791162554,299.7664489746094,9187206
2012-02-22,302.77333053356637,302.77333053356637,284.10579085297337,290.2030334472656,12379451
2012-02-23,284.481646227607,287.11264049314985,278.6767554646814,282.8946838378906,12869967
2012-02-24,288.15664628592657,289.9941874723328,282.5188181026821,286.152099609375,3965967
2012-02-27,287.90607749201814,290.2029755482935,281.89235299503423,284.77392578125,3870487
2012-02-28,286.4862009639248,292.2493187285444,283.31227641054096,286.69500732421875,2964510
2012-02-29,286.77856469538904,294.29567957327964,286.77856469538904,292.49993896484375,5114844
2012-03-01,291.49761614685525,292.4999036660286,287.32143229132396,289.2424621582031,2324193
2012-03-02,291.4140929918503,294.2121208425907,287.4049430013562,292.66693115234375,4132978
2012-03-05,290.66236969510294,296.42548716154033,288.2819264032286,291.53936767578125,3840271
2012-03-06,288.9919079031924,293.16809170689197,279.2613843682663,280.263671875,3841064
2012-03-07,280.639514694732,281.43299576710103,273.6652753690296,275.33575439453125,5000176
2012-03-09,279.6372256478896,283.81340904625506,276.50507395809274,283.0199279785156,5413888
2012-03-12,288.0731662450675,288.0731662450675,281.1824707608505,283.2287902832031,2884585
2012-03-13,284.1475878628119,285.9851011759475,280.8901457599196,283.18707275390625,4203990
2012-03-14,285.19153093447017,288.8248121163286,281.8088286705454,282.4770202636719,4905479
2012-03-15,282.3100479399202,282.644115527135,275.71167573345764,277.00628662109375,3429106
2012-03-16,278.13390144553364,280.05493174287255,273.12246272671615,273.58184814453125,4878841
2012-03-19,276.46339469903035,276.75571798979166,269.1968304825161,271.6190185546875,5258224
2012-03-20,271.45188663444725,272.66298035894636,267.81860546095,269.5726013183594,5366154
2012-03-21,270.2408831806099,278.96912108502164,269.0297890515596,278.00860595703125,6464855
2012-03-22,278.13386291746224,278.80202637202666,269.9067556956412,270.533203125,4048201
2012-03-23,270.61673893467724,283.98051803686394,268.19455079067495,280.63958740234375,8527858
2012-03-26,280.63949295161865,281.3076845100498,272.4541605018584,274.66754150390625,3827163
2012-03-27,278.7184997704844,283.4793586575835,275.62812016675787,282.8946838378906,5723670
2012-03-28,282.3100004014043,284.7321596931477,279.9295571279615,282.1011657714844,3519817
2012-03-29,279.47023935037214,281.09897450844954,271.4519661835921,277.4239196777344,7029001
2012-03-30,279.67902400864807,283.3123059644581,277.4656707022348,282.22650146484375,4383397
2012-04-02,283.0617576955297,286.3609438118182,282.1012143913069,284.2310791015625,2022608
2012-04-03,285.65101892834474,287.1962090079431,280.263739947431,281.30780029296875,3901123
2012-04-04,279.7207919865081,280.63956267813575,274.8764161252907,275.711669921875,3796571
2012-04-09,275.4611146331533,277.966819674194,273.4983118796371,275.4193420410156,2665160
2012-04-10,277.7998286859707,277.7998286859707,273.99948380551285,275.5029296875,4930749
2012-04-11,275.6280855213167,275.6280855213167,268.3197784630083,268.9461975097656,5161454
2012-04-12,269.78144332982225,273.5399857829413,268.9879622578127,270.6166687011719,2900039
2012-04-13,271.9112895504924,274.8763793249937,267.60981650601093,270.1990661621094,2257838
2012-04-16,268.9461782417984,268.9461782417984,262.6819033768737,264.811767578125,4308696
2012-04-17,264.72830056522145,270.61670816893354,263.1831107772318,269.1968078613281,3755386
2012-04-18,272.28722179170137,272.621317687529,267.7351687463076,268.48687744140625,2092070
2012-04-19,269.4473733012582,272.120111714489,268.5286026792439,270.3243713378906,1457198
2012-04-20,269.90673955462523,274.3335024744595,267.5680968983782,270.9090270996094,2477742
2012-04-23,269.4473563732749,272.70476936696366,259.2574481287265,261.0114440917969,3988935
2012-04-24,255.6659922435887,258.6728552093117,241.34167005859138,256.7100524902344,15317269
2012-04-25,254.74716103258123,263.6424300445135,254.74716103258123,261.4290771484375,4544523
2012-04-26,263.0995944730769,264.7283296147491,255.1648665711835,257.5035095214844,6731235
2012-04-27,257.50347861204324,261.42911192279377,253.0767439490173,256.75177001953125,5027621
2012-04-30,256.5011747307657,261.05322686512056,256.5011747307657,259.34100341796875,3450482
2012-05-02,260.5938422175879,267.23398622907246,256.8770437873554,265.5635070800781,7512577
2012-05-03,263.0995788574219,265.14592667004507,261.51264468405304,263.0995788574219,1950314
2012-05-04,261.76319621030643,263.5171922760392,258.6728168026728,260.3850402832031,3612635
2012-05-07,258.3387040165155,265.77230051552925,257.0440650627156,263.9765319824219,3084053
2012-05-08,264.77006883840687,266.60758205893035,261.51265518174444,263.4336853027344,2742403
2012-05-09,261.3455585977661,261.5961375481381,257.29466421631207,258.4222412109375,2045925
2012-05-10,258.63105904800346,262.8907599830378,257.54525459095845,259.0069274902344,3164471
2012-05-11,256.50126315203335,261.01154425678686,255.58252051721334,256.5848083496094,1971879
2012-05-14,257.2529325573312,258.92338355645575,252.24149471380753,257.0440979003906,2241859
2012-05-15,253.9954893753414,257.8375775581285,243.9308977245561,254.03726196289062,8060721
2012-05-16,250.5710234884385,254.58017389215075,246.68719085214948,248.5247039794922,4051033
2012-05-17,250.9469025069862,255.58247225062195,248.35768064047906,249.4852294921875,2934167
2012-05-18,247.18826477892668,249.69396907526914,244.43198156833662,247.68942260742188,3078743
2012-05-21,248.39938596794707,253.07672756846569,244.51555377767713,246.18600463867188,2227203
2012-05-22,250.32042384529254,250.32042384529254,245.43427628159455,246.52008056640625,2618788
2012-05-23,246.43658332767146,247.60590458557698,233.94979063406302,235.62026977539062,5562593
2012-05-24,234.32571013101142,251.9074326860284,234.32571013101142,248.73353576660156,4201709
2012-05-25,251.40631010771418,253.03501706601426,248.0653510019284,249.77760314941406,3265783
2012-05-28,250.7798478351874,254.32958445846674,250.5710131801242,252.53384399414062,2315698
2012-05-29,253.07676286817858,254.24608429038398,249.73580411608944,250.57102966308594,2888729
2012-05-30,251.32276854203704,256.41769532590314,249.90283984985356,252.4503173828125,3960239
2012-05-31,251.78211127591723,257.1693893220708,250.57101732318426,252.7008819580078,6266388
2012-06-01,250.6546018903229,254.45491813410246,249.86112056582465,251.28102111816406,3502027
2012-06-04,250.57100598587263,251.28097025937424,242.71979608342514,246.01898193359375,20886524
2012-06-05,248.065295167781,248.69174253540012,238.33479992064323,239.87998962402344,10476966
2012-06-06,243.05385416652004,250.15335438832207,238.29299620481484,248.3158416748047,9941772
2012-06-07,250.57104688555927,252.65913917862272,246.1025389943017,251.82391357421875,3087966
2012-06-08,248.06527397518255,257.2528945222181,248.06527397518255,254.12074279785156,3644528
2012-06-11,257.7958388769615,257.7958388769615,252.15798181935273,253.95375061035156,2115165
2012-06-12,251.4062812363745,258.8398790405099,251.4062812363745,257.8793640136719,1650770
2012-06-13,258.92336910034396,261.7631978608134,255.9165348441562,256.6682434082031,2865283
2012-06-14,254.91426080882388,257.5034824754397,253.70316686881495,255.54067993164062,2676816
2012-06-15,253.53614341334801,261.13680406621677,253.0767862892196,260.34332275390625,2429484
2012-06-18,262.26436919457683,262.89078838391913,256.4177052478903,258.2552185058594,2093745
2012-06-19,257.5034905775826,263.93482892290433,257.5034905775826,263.0578308105469,2559497
2012-06-20,263.80949440056634,264.6864923632031,258.0881213524985,259.2156982421875,2673145
2012-06-21,259.17396711938994,262.2643467739035,258.1299352264059,260.3015441894531,2361473
2012-06-22,259.0069181780389,260.92794806157406,255.5824428616841,259.67510986328125,1940490
2012-06-25,261.8049481869744,262.68194624554565,256.7517662035831,257.9628601074219,2068218
2012-06-26,258.29695428631067,259.3410144018045,253.74493024121213,255.5824432373047,2258635
2012-06-27,257.002302028809,257.2528809412207,252.9931525583998,254.62188720703125,3589018
2012-06-28,255.33187705291434,256.16710256143773,252.53384897372075,253.577880859375,2628799
2012-06-29,253.91198807007967,257.12765732933855,252.65912146923617,254.7889862060547,5579822
2012-07-02,254.78898041758706,260.1762585993348,254.74720782842238,259.0904541015625,2734478
2012-07-03,260.92795299697366,269.4473830039325,260.5938571480332,266.18994140625,6949954
2012-07-04,267.27582879944225,273.95774785212626,266.19002402389566,273.08074951171875,5072314
2012-07-05,272.28715751356407,274.24995983242724,269.7814530273993,270.7001953125,3040875
2012-07-06,270.7837910913649,271.74433452126186,266.6911514937577,268.3616027832031,2057780
2012-07-09,267.6516284753811,267.6516284753811,261.9720270242268,264.5612487792969,1519925
2012-07-10,265.4382060224329,271.3683855309783,263.976533295608,268.445068359375,2490482
2012-07-11,266.44055515196,267.6516492272428,262.84904551845165,263.7260437011719,2591870
2012-07-12,263.01608836149666,264.1018929791224,255.20662135129214,255.83306884765625,3852007
2012-07-13,257.62873329133765,258.79808275022543,256.0000268472215,257.21112060546875,2767466
2012-07-16,261.846690428386,268.9044466654702,258.9233450505646,266.8998718261719,6441229
2012-07-17,269.9485231870288,274.6258369729557,267.3175288795604,270.74200439453125,6572092
2012-07-18,270.9925671751672,272.4959843233357,263.099556442161,271.1178283691406,4247618
2012-07-19,272.37069259614043,272.9971116890251,263.3083606319097,264.3941650390625,3350900
2012-07-20,264.7700843211673,266.774659741896,261.7214768784261,262.8072814941406,5293352
2012-07-23,263.851265495744,263.851265495744,250.52923408587213,254.12074279785156,3707009
2012-07-24,255.91653985804572,258.6728235015843,251.15568114974297,257.7122802734375,2961184
2012-07-25,258.83986168848185,258.83986168848185,249.35991669679717,251.1556854248047,3489272
2012-07-26,252.95143456202157,254.28781785777707,248.9005403730423,250.98863220214844,4312792
2012-07-27,256.4177410837737,260.5939261604743,254.7890339946307,256.7936096191406,4378451
2012-07-30,258.9233453372537,262.0972413619674,257.2528945847013,258.2134094238281,3053459
2012-07-31,259.7585950200432,259.8421118999834,249.31813656615003,250.6127471923828,8820008
2012-08-01,251.40631756620962,253.20205839204613,246.85426418478713,248.48297119140625,4767852
2012-08-02,249.7358094323714,251.82390162636474,247.31362135605707,249.10939025878906,3613842
2012-08-03,248.90057164582234,249.9863761395363,245.39257919473079,247.647705078125,3347571
2012-08-06,249.3182165443927,251.74040481398617,245.97725745458982,247.39718627929688,3396186
2012-08-07,248.90058377023556,249.23467965242588,244.84966059290815,245.39256286621094,4931355
2012-08-08,245.6013562150376,245.6013562150376,227.51846559240738,229.14718627929688,37089348
2012-08-09,230.23301682190072,230.44182320162224,212.4007172526628,214.44703674316406,37229419
2012-08-10,215.57457239087373,220.25189944647855,211.231341135028,213.48648071289062,13379337
2012-08-13,214.65584496498022,218.74849785251524,214.65584496498022,217.20330810546875,7545768
2012-08-14,218.83204417717693,219.95960712648247,216.61866258580525,217.82974243164062,4964990
2012-08-16,219.1712729251129,220.30317595156546,217.787826429145,217.9974365234375,7206557
2012-08-17,217.9974182231868,221.93814728598517,217.32665462139522,219.92584228515625,9890407
2012-08-21,218.41666729076562,221.26741297576396,214.2663417973015,216.78167724609375,15559811
2012-08-22,214.22438322981148,214.5597650356685,207.93599566317408,208.48098754882812,12333644
2012-08-23,207.13949924553933,211.0802146415512,204.20491519173842,208.77447509765625,10399188
2012-08-24,207.93600792445753,210.03213723693833,205.00143824334862,207.8940887451172,6921485
2012-08-27,209.6129351246176,212.79904854737316,207.76833492460008,208.90023803710938,6584318
2012-08-28,208.77445665520153,209.61291119585778,205.756034504294,208.6067657470703,4620671
2012-08-29,208.5648438052376,209.4452175123972,201.06070060784674,203.15682983398438,6701956
2012-08-30,201.22840420477183,204.4564507982457,199.92881024860412,203.6179962158203,10284093
2012-08-31,201.3960844490254,208.6906176363965,201.35416527098937,207.768310546875,6760809
2012-09-03,206.7621774785661,209.10983596885202,205.00143006198795,206.9718017578125,5546369
2012-09-04,205.63029661513045,209.8225558128813,202.31841128108897,209.40333557128906,8178551
2012-09-05,207.55871729385237,216.99129967148295,207.51679811241678,216.1947784423828,6808889
2012-09-06,215.565916790908,216.27859960044353,206.34294524959225,211.37367248535156,15648001
2012-09-07,213.72136844195097,215.39826361885932,212.88291375576816,214.64366149902344,6097758
2012-09-10,213.09249139430045,219.46471764698327,213.09249139430045,218.87779235839844,4420962
2012-09-11,217.15896179495704,219.9258545300805,214.43400243116432,219.3389434814453,3955135
2012-09-12,218.12322421668895,219.92589103312983,216.36247658308244,218.6262969970703,6122223
2012-09-13,217.4943578763077,217.99743060622774,210.40944886970783,212.58941650390625,6689510
2012-09-14,216.73976953970353,217.87167260677325,212.63134908414105,213.8890380859375,7590436
2012-09-17,218.16514458044594,224.7050623698911,215.35633218803832,221.9801025390625,9452826
2012-09-18,223.02814170608556,227.22040022229703,222.65084071089933,224.87274169921875,9405233
2012-09-20,223.02813844893842,228.60384332970733,222.31545564722703,224.91465759277344,7192292
2012-09-21,227.22041576956588,235.1437797969879,227.01080566850396,234.13763427734375,11562728
2012-09-24,234.76644826514988,237.28179754190333,228.8972810254532,233.92799377441406,10168554
2012-09-25,234.26341442314762,234.7664872010234,229.44231094843022,231.07730102539062,4482301
2012-09-26,229.73577914499467,231.0353874013055,219.67436593177777,222.35740661621094,9012463
2012-09-27,223.36352207412065,226.21425330410696,217.997427233451,219.17124938964844,5964535
2012-09-28,222.06392964850357,223.86661057877873,219.8420427134095,222.5670166015625,5781818
2012-10-01,222.3154657137127,224.36966166112512,220.17740301631198,222.2316131591797,2748599
2012-10-03,223.44738395351567,225.96274782900403,221.64471715600789,222.4412384033203,3448153
2012-10-04,224.2858438789163,229.19078580770997,224.2858438789163,226.17236328125,3896945
2012-10-05,227.4719249977409,227.8492259854805,180.93786206440114,222.8185272216797,3215936
2012-10-08,223.90854675968217,231.9157639174219,223.0281729158994,226.75929260253906,6777685
2012-10-09,228.5200166914302,228.68770761646275,221.56086459576346,222.4412384033203,4605682
2012-10-10,221.77047187918626,223.44736680536462,219.00357892621847,219.71624755859375,3166031
2012-10-11,220.51278493518643,225.92079915706134,219.67434456223955,224.1181182861328,3026901
2012-10-12,223.8666298719023,225.54352501297396,216.48824298663303,218.29092407226562,3950912
2012-10-15,218.45858827235847,221.77047316012266,215.06285083030068,221.39315795898438,4836463
2012-10-16,218.08128315478956,226.13041896638498,218.08128315478956,224.41159057617188,5531155
2012-10-17,225.75311002228622,228.0588636524251,223.11198875759914,226.8430938720703,5558825
2012-10-18,224.95656567530727,226.2142403106825,220.68045488048676,222.94427490234375,5613056
2012-10-19,220.51279892444185,224.66313865473728,219.00359480102986,223.95046997070312,4471993
2012-10-22,223.02814447224307,228.4361585930482,222.02199900896423,227.97499084472656,3479900
2012-10-23,228.01693760467813,230.32267711345926,226.42388095869381,227.3881072998047,2610262
2012-10-25,227.63960772711314,229.44227424621633,225.1242584355527,226.08847045898438,3685328
2012-10-29,223.57312651593404,227.2203930127676,223.11197298341907,226.2142333984375,3389531
2012-10-30,227.01082203367596,230.1550163626365,225.3758318975241,226.5496826171875,2160230
2012-10-31,226.38193308133293,229.10689244794773,223.86658378977248,226.08847045898438,2174299
2012-11-01,227.0527019211577,236.35951154939676,225.71117469710364,235.7306671142578,4457307
2012-11-02,237.32376388168373,238.12028511194376,230.15500183206362,230.5323028564453,3185959
2012-11-05,230.99343857141105,232.67034775917628,227.2623333729531,229.31654357910156,1504611
2012-11-06,229.23270614715616,231.95768020820924,226.885047324838,229.5261688232422,2133681
2012-11-07,227.22040769918624,235.56299163242147,225.83696120767652,227.30426025390625,13581248
2012-11-08,224.70506250080902,233.00574213368427,224.4535332068385,232.2930450439453,7712289
2012-11-09,231.3288171555462,234.34723945561666,230.53229594915186,231.24496459960938,2626268
2012-11-12,229.40035441313793,237.28179825896416,228.64575246692232,234.76644897460938,3828795
2012-11-15,239.16834805266922,248.22360042428878,239.12641467851572,243.4025115966797,11744545
2012-11-16,244.95369079774107,254.84741360558613,244.95369079774107,252.7093505859375,13159619
2012-11-19,254.63780098997083,260.75851310167315,254.512029238173,259.5008239746094,9327675
2012-11-20,260.7584826630274,262.0161432523683,256.1470037202879,259.0815734863281,8426669
2012-11-21,259.0815786375638,260.08772416358823,254.4700996031358,257.74005126953125,5267416
2012-11-22,257.65621923804144,261.2196478480767,255.85353824408716,258.075439453125,5838235
2012-11-23,259.87807962886427,261.59689359710325,254.3862275356673,256.10504150390625,4043569
2012-11-26,258.2012143029198,261.17771761310854,257.1531353616862,260.129638671875,4285590
2012-11-27,262.01619574011846,277.98872690806166,260.3393146184135,273.9222106933594,12978506
2012-11-29,273.33521666107043,278.65936343680147,272.91599652940914,276.98248291015625,10961665
2012-11-30,279.7493991890454,285.6604716836356,272.32909434554614,282.5581970214844,11038178
2012-12-03,282.97740629852467,285.07353544437234,276.98249567939985,277.65325927734375,4346318
2012-12-04,276.68903135716505,279.79130604003745,274.71867384580764,278.7432556152344,5032537
2012-12-05,276.6890017666704,279.4558943395187,273.83827084698584,277.0243835449219,4389614
2012-12-06,280.3782436366255,280.3782436366255,269.26876669084294,272.2452697753906,5776097
2012-12-07,272.4129607131103,276.6890579610951,268.51415029796726,270.3587646484375,5173212
2012-12-10,272.9160790557751,273.3352993142033,264.6153986970516,266.5438232421875,3677246
2012-12-11,266.7114489132893,269.1429597568015,261.5968837897892,263.4414978027344,6083673
2012-12-12,266.208409476759,266.208409476759,257.99159686648005,261.5130920410156,6887188
2012-12-13,261.17771801751394,268.3045469434682,260.21350583154333,266.4599609375,6986904
2012-12-14,266.6695916202126,267.67573726224555,258.6204548748641,261.9742736816406,4032024
2012-12-17,259.0815507120599,260.8422980950898,251.15818748842537,251.9966278076172,7937945
2012-12-18,251.61937156102485,263.5253845277485,251.53550480619916,262.7707824707031,7377327
2012-12-19,262.6869058021409,267.3403181010331,262.6869058021409,264.9926452636719,5210100
2012-12-20,262.5192695825449,266.9630724697052,259.3750608556928,265.70538330078125,3384499
2012-12-21,263.3157441072319,263.98650772313954,256.4823646122186,257.6981201171875,3786915
2012-12-24,257.1531448559126,261.1357938759984,254.38627994454686,258.7462158203125,2180920
2012-12-26,259.0815823614163,267.3403283997962,258.8300388785667,266.12457275390625,3520174
2012-12-27,266.6695205394987,269.6041183109404,264.9507066034972,267.172607421875,3829434
2012-12-28,265.57954316179024,271.239100378318,263.1899655861246,267.50799560546875,4906816
2012-12-31,267.46602574933996,269.0590961764143,264.6572000145208,265.8729553222656,1901073
2013-01-01,267.0888041587398,270.8199381201018,266.20843029625405,270.0653076171875,1907995
2013-01-02,270.2329542548575,273.5867438479034,268.30450181635683,269.18487548828125,3117675
2013-01-03,270.8198875864249,275.7667479672887,267.7176129563609,275.01214599609375,4080508
2013-01-04,274.29944726332735,276.5213481810579,273.12562513680757,274.1736755371094,3642504
2013-01-07,276.3956204865602,277.65330955818973,272.7483534088392,274.00604248046875,3678613
2013-01-08,274.0060428101864,278.99480894182506,272.2452951423343,276.94061279296875,3582034
2013-01-09,278.32407827040504,282.1390221509584,277.77905789655495,279.8332824707031,5683351
2013-01-10,279.66555737116107,280.00093921293444,274.0479328146413,276.7309875488281,2808174
2013-01-11,276.5213975287119,277.5694481160475,271.5745362964773,272.6645202636719,3081315
2013-01-14,273.7544741927348,276.68904390618815,271.07141955809567,275.59906005859375,3629642
2013-01-15,275.43139065263045,293.9611733355596,273.5867763468826,289.43353271484375,10145407
2013-01-16,289.26581338444316,292.284249780218,285.7443184514943,287.50506591796875,4544189
2013-01-17,285.99589105266506,299.32727014143916,283.6482180612159,296.3927001953125,8244694
2013-01-18,295.0511488621028,296.3088094267082,289.4754295081047,292.4938659667969,5941208
2013-01-21,291.1522994783935,301.0041145301651,289.0981037980425,298.1114501953125,5710906
2013-01-22,297.3568715957168,297.56648167805105,292.61962127496304,294.8415222167969,5712140
2013-01-23,294.29655337997934,309.0113640144315,293.6676946928022,308.0052185058594,9453028
2013-01-24,309.34674179082253,309.89173371861614,301.5072163147968,303.4356689453125,5379301
2013-01-25,301.84262059712285,310.7302256051264,299.49497599089557,302.2618408203125,5253508
2013-01-28,299.9980427847998,304.1903019131712,298.06958995811027,299.6207275390625,3187540
2013-01-29,299.62074752988474,304.86108598544354,292.0327642472601,293.0389099121094,4969870
2013-01-30,295.721925675928,295.93153577935425,287.21163623499336,288.9304504394531,3826717
2013-01-31,287.71466205682555,291.3200235635764,282.89357344494374,284.7381591796875,4743578
2013-02-01,282.0970466827679,290.77504051702516,273.9221397674928,276.18597412109375,17723635
2013-02-04,278.3659935171221,280.6298282919057,274.8444979927164,277.5694580078125,4477981
2013-02-05,276.3118142294922,279.37215631063924,270.6941887197622,272.2872314453125,6984046
2013-02-06,274.55104551585777,277.40177724277237,272.0356956621634,273.8383483886719,4258648
2013-02-07,273.8383165340121,274.0898600073947,265.0765122506002,268.3883972167969,3664561
2013-02-08,268.13687245025784,272.66451333246437,265.99880955916393,269.81378173828125,4097563
2013-02-11,268.388388072959,269.1429900764868,263.8188142864433,265.118408203125,2525668
2013-02-12,263.31575310574374,271.2391166496515,263.31575310574374,270.23297119140625,2750476
2013-02-13,271.23913889288247,276.98253527704,270.7360519270487,273.2933349609375,3380578
2013-02-14,273.6705960573785,273.7544344047981,260.08767653004907,261.3453369140625,4873234
2013-02-15,261.3454639901351,266.8373468664382,257.11129889120883,265.4958190917969,3411604
2013-02-18,264.9507611441822,266.2084218272,261.59694254097445,263.0223083496094,2790086
2013-02-19,264.0703638789369,264.1122688634379,255.39236965972137,257.8658142089844,5057227
2013-02-20,261.0099488269264,261.0938155632262,254.09273170926687,254.88926696777344,8055927
2013-02-21,253.96700488190808,258.07542522320176,244.40866526320428,248.34938049316406,8843988
2013-02-22,249.2716523273333,261.00995799466756,248.30744034417197,259.62652587890625,7111174
2013-02-25,257.8238832803915,261.429245090883,256.1470025025754,257.4046630859375,4017917
2013-02-26,261.5130680921126,281.3843766948769,253.71547640414656,261.4292297363281,11939183
2013-02-27,265.78923170765165,272.4130029061307,264.4057991214366,269.7718811035156,10651675
2013-02-28,273.67052834827757,274.844350094455,265.9986826620865,270.7359313964844,10650518
2013-03-01,271.1971905900474,273.58676837351004,258.1592610461432,260.8423156738281,8427935
2013-03-04,260.758481550349,266.753392793965,257.6142733085906,264.9926452636719,4000021
2013-03-05,264.9507695732255,271.6164452216542,259.58465963737774,270.0653076171875,6147752
2013-03-06,271.0295271623997,274.13180213006643,267.3403268684167,268.6818542480469,5266181
2013-03-07,267.4661095921974,269.39453398641945,265.11843658144113,268.51416015625,5579844
2013-03-08,270.86170308194977,273.2932132918814,268.72366960173724,270.7359313964844,3345446
2013-03-11,270.90376155590303,273.71255972855664,267.4661046654882,269.43646240234375,4047760
2013-03-12,269.1430308361544,269.1430308361544,263.19002387345176,263.7350158691406,2719091
2013-03-13,262.6030840495477,268.5980240632208,260.67465967579386,266.0407409667969,4611608
2013-03-14,264.61544659861687,266.1665845483257,259.08165869105653,263.7769775390625,5960918
2013-03-15,261.8484176527449,265.99874224831615,257.5723213435342,260.1715087890625,6735913
2013-03-18,255.72778396474612,260.21352006702114,252.49976537543503,257.82391357421875,5817743
2013-03-19,259.9200308593233,261.5131017789878,238.12029531083002,246.0017547607422,17744473
2013-03-20,243.98946416531712,249.35554550245354,231.07730521856752,234.80841064453125,23077903
2013-03-21,238.95873561354688,254.55394937982985,238.95873561354688,249.77476501464844,12231265
2013-03-22,251.32587791789115,251.32587791789115,242.1867586979019,246.54672241210938,7059864
2013-03-25,249.02014777097895,249.43936796903188,241.1387171966676,241.97715759277344,5721358
2013-03-26,240.55179227611148,249.85861696439883,239.3360366652337,248.93630981445312,7365237
2013-03-28,248.6428527813135,248.93630123212864,242.1029213774224,244.61827087402344,4956778
2013-04-01,241.4740967082475,247.2593978456788,241.4740967082475,246.21131896972656,1611104
2013-04-02,246.50475710733565,247.34319736370045,243.40248273333518,244.66017150878906,3001840
2013-04-03,243.52829548419402,245.58249149296134,234.43109508886985,235.43724060058594,6268041
2013-04-04,235.6049406591566,238.5814439335273,228.100796601876,229.400390625,7232391
2013-04-05,228.89729204834433,234.4310777582344,223.48927806698484,226.591552734375,4795154
2013-04-08,226.38192696800587,238.45562879326926,226.256155248188,235.26951599121094,4399187
2013-04-09,236.44337267507322,236.86260707069388,229.73576429970086,232.25111389160156,4871185
2013-04-10,234.01186908972878,237.23990144882012,230.07113969757864,236.14991760253906,3875709
2013-04-11,235.31147270445712,235.81454546852834,227.76540963430082,230.74191284179688,4592096
2013-04-12,228.8973091844324,233.42494979594278,227.22041419212292,229.31654357910156,2235706
2013-04-15,227.22043670386967,237.95261398248482,227.09466495346257,234.47303771972656,3361243
2013-04-16,236.2757137170352,239.75527570912698,233.42496787701583,238.958740234375,3446789
2013-04-17,238.95872229253095,241.89332047582192,237.70106169190188,239.83909606933594,3440184
2013-04-18,238.9587222816615,253.2124078245236,238.53950208147086,251.24205017089844,6751606
2013-04-22,252.37399305595423,255.72778338901114,250.69708369396852,252.1643829345703,3617448
2013-04-23,252.12236053962937,258.03343201388776,248.60086631821508,251.07431030273438,6475297
2013-04-25,253.2123819919211,259.7523129767936,250.31971748025552,254.76351928710938,5591278
2013-04-26,260.75848895353795,269.1430066483901,259.16541809951474,267.00494384765625,7871847
2013-04-29,268.89147866561694,271.78414368306,262.3934799166864,266.79534912109375,3679145
2013-04-30,271.65833838736353,271.7002717616226,263.1899828871039,267.2564697265625,3790188
2013-05-02,258.2431507320964,272.3291319966558,254.13473006629553,265.57958984375,13188695
2013-05-03,273.3352815162739,277.9467608405436,265.0346016980401,266.3761291503906,8632202
2013-05-06,270.02344072238816,271.113424859153,266.711554925711,268.7238464355469,5561415
2013-05-07,270.19101711959263,279.036687087003,267.3822194392035,277.6951599121094,6640496
2013-05-08,277.5275103377009,277.5275103377009,270.69413046470044,271.8260192871094,4053323
2013-05-09,269.98144603360043,274.8444685493725,269.98144603360043,272.4967956542969,3679327
2013-05-10,272.49678071241846,274.1736898312364,270.52642314439873,271.8679504394531,2559143
2013-05-13,269.8975873457041,272.3290984204811,260.08770469009903,261.3872985839844,3260879
2013-05-14,263.6930701878006,267.3822706249926,261.68077904024125,265.9988098144531,2737174
2013-05-15,264.3637522925938,272.1613425935704,264.3637522925938,270.5263671875,3669284
2013-05-16,269.2687768770343,274.8864014297785,268.76568991925654,269.5622253417969,2848840
2013-05-17,270.3167902791403,271.2390973145131,262.14188385568775,264.5733947753906,2969012
2013-05-20,268.0530282048586,268.13686656969276,257.23699902295795,258.075439453125,4133045
2013-05-21,257.4046510695596,260.75846925044846,253.84125119213877,255.26661682128906,3532737
2013-05-22,257.1531194088193,263.1899924114466,256.5662224934139,261.63885498046875,4259201
2013-05-23,259.2836152471542,259.7882910338102,251.58710300482917,252.554443359375,7114423
2013-05-24,256.29757519138184,256.29757519138184,247.8440339749046,251.08245849609375,3215243
2013-05-27,252.3441666012163,261.5126962809497,252.3441666012163,260.0406799316406,3515446
2013-05-28,261.26033551905607,266.98012797187937,260.7556311954627,264.79315185546875,2858211
2013-05-29,265.76049153787574,265.97077553389965,260.41919828874103,264.9613952636719,2289709
2013-05-30,257.6434048294079,268.4100693550952,257.6434048294079,265.2978210449219,2848487
2013-05-31,264.12018612252433,266.265122162919,249.82067897831385,253.984375,3290263
2013-06-03,254.2787988165094,259.45184699767003,250.99833479571174,255.20407104492188,1784790
2013-06-04,256.76029279724054,259.49401385404894,254.48917954835758,255.87705993652344,1453418
2013-06-05,257.1387036305627,257.3910557890862,252.42829140383853,254.4049835205078,4573757
2013-06-06,253.98444110085072,254.36294089448677,245.8673593649222,248.2225799560547,6559786
2013-06-07,246.54023637095705,249.73659237251456,241.15690444446795,242.50271606445312,4529987
2013-06-10,244.35329004739003,245.11031807602143,236.36238483437322,238.675537109375,4940861
2013-06-11,236.82500983611223,238.2129040674488,230.68463490759936,234.42774963378906,9030024
2013-06-12,232.3669135650498,236.95116379884965,230.9790194633004,233.62863159179688,5786891
2013-06-13,231.48372098827124,242.9653741138085,231.48372098827124,241.99806213378906,5118975
2013-06-14,243.93268516790323,245.90940579043672,241.49335689211495,243.47007751464844,2862901
2013-06-17,243.47009023785137,252.34417123933162,243.47009023785137,248.97959899902344,4389186
2013-06-18,251.58712111222817,253.5638131823538,243.63828464556718,245.57293701171875,3783624
2013-06-19,245.61497976165558,253.8161684826041,245.61497976165558,251.9656524658203,3808832
2013-06-20,248.1384281042947,248.1384281042947,241.07279525355824,242.92333984375,7898653
2013-06-21,242.9233248561651,248.6010489139605,240.4419284808763,245.57293701171875,6272944
2013-06-24,243.09151440528075,244.7738144373197,236.86703276891788,238.42315673828125,5307277
2013-06-25,239.30638445450137,249.9469018043594,235.64740622569616,248.39077758789062,4755952
2013-06-26,246.4561232090987,247.29725901385567,232.5351291133143,233.58656311035156,10110244
2013-06-27,240.48401225936817,240.48401225936817,233.83893310546375,236.152099609375,6356748
2013-06-28,237.41381792590334,247.38140106221803,236.61472171171667,245.4047088623047,4512772
2013-07-01,245.40471314828042,253.18533448143256,244.90003728335088,249.10577392578125,3514414
2013-07-02,248.01223767646516,257.0966008571925,245.6149494573597,254.7414093017578,5586795
2013-07-03,254.0264858860617,257.9378308856479,237.87645847424338,247.75994873046875,4859432
2013-07-04,246.54023543867422,255.37227547302498,246.54023543867422,253.3114471435547,3413730
2013-07-05,256.21340189380516,257.4751340590774,246.2878742652266,248.85337829589844,2146899
2013-07-08,246.62437062695878,258.82101225424606,244.01682651183535,246.96083068847656,5044558
2013-07-09,247.80195507456222,249.8207153497654,244.01681516128693,245.32058715820312,2830695
2013-07-10,247.2972638075177,247.2972638075177,243.21770380743956,244.0167999267578,3123772
2013-07-11,246.4561241478115,253.18529605804392,246.4561241478115,252.38619995117188,2979503
2013-07-12,253.18532102845305,258.1901536330949,249.65250471510237,256.9704895019531,3779448
2013-07-15,255.79288541901622,265.9287275144687,254.06854531262564,264.498779296875,3822989
2013-07-16,260.75563153229837,272.15317674715874,259.3256834172454,270.0923767089844,4192610
2013-07-17,273.3728742287953,275.43370300049673,262.52207172036407,265.8446044921875,6912776
2013-07-18,264.7510738271494,273.37283037361385,264.7510738271494,272.2372741699219,3838679
2013-07-19,272.2793163584317,280.85903238174586,267.82125682377176,277.452392578125,6293753
2013-07-22,276.65334202535576,283.71897492379463,274.25605337610955,282.7095947265625,3923614
2013-07-23,283.00395295459833,283.80304907600265,276.61124094772975,277.6626892089844,3129509
2013-07-24,275.05516681115216,285.14894093316417,275.05516681115216,283.8031005859375,4830763
2013-07-25,283.46661435683853,286.6629706456286,280.27025806804846,283.5507507324219,5327831
2013-07-26,284.2236409106993,285.94800936857297,278.46178028629873,283.6348571777344,2934628
2013-07-29,283.4666124296108,291.70986949901373,278.8403080557675,280.94317626953125,5566137
2013-07-30,279.6814455656077,280.8170018129744,266.8119125301308,270.0923767089844,3557068
2013-07-31,264.12022185367204,292.7192400110725,263.5314096589269,289.77520751953125,15423344
2013-08-01,292.5089252446586,297.7661098052161,285.3591850030591,288.7237854003906,14825967
2013-08-02,288.6817269342072,293.8968434845664,285.23301853137406,290.40606689453125,7003400
2013-08-05,289.48078624112304,291.37337022698927,281.78427423430963,282.9198303222656,3784135
2013-08-06,284.2236233178927,284.2236233178927,267.5268546933337,271.6064147949219,5974287
2013-08-07,273.37283754746534,279.6814421481496,269.58769757280277,274.4242858886719,4690771
2013-08-08,274.9710307443247,286.074183989445,272.5317024853872,283.7189636230469,4966485
2013-08-12,287.84061046438285,289.73319481899733,280.05998906009967,287.504150390625,5109950
2013-08-13,284.307750579018,293.9388581971121,280.60669033202925,291.3733825683594,4174860
2013-08-14,291.03701263330885,295.91567022793004,286.9994911140949,288.7658996582031,3284156
2013-08-16,291.7098679478312,292.7192481029326,279.09265873234114,282.3310546875,9362242
2013-08-19,281.7002099888044,281.74227817716417,258.9051192280748,267.14837646484375,8009204
2013-08-20,261.59680556392357,272.32143106361224,253.47972422842682,267.86334228515625,7301715
2013-08-21,272.53167309881906,272.9943091811781,247.71782524019198,251.29270935058594,5402958
2013-08-22,250.66187451640727,266.6436551587883,248.8113300613548,263.2790832519531,5759879
2013-08-23,263.2791074465936,264.0781751905069,255.33024185732958,259.8724670410156,6355217
2013-08-26,259.99857072219794,266.2230667212651,256.5498627096828,258.27423095703125,2872961
2013-08-27,256.54989520565664,258.02191150917696,244.85795811740402,247.21315002441406,6931145
2013-08-28,246.456133745721,246.456133745721,234.84829109893576,242.0821533203125,4976641
2013-08-29,246.7926369120975,253.1012422666284,243.93271189300526,251.79747009277344,9465005
2013-08-30,254.0264579935382,254.19470226174425,244.01682122411324,251.587158203125,6036400
2013-09-02,255.54052902203154,255.54052902203154,248.22254458959713,252.59649658203125,2835899
2013-09-03,257.3910537660203,258.98921763234296,238.0446579708598,239.72694396972656,5196862
2013-09-04,239.89518002459974,251.67122433691878,235.94178171654377,249.98895263671875,3793874
2013-09-05,254.86757269696463,259.91444404455615,247.29723719339768,249.1477813720703,8318190
2013-09-06,254.82554980120736,267.3165828160616,251.1244892683468,263.9099426269531,10362269
2013-09-10,272.5317366415728,295.57918191009526,270.51297607450766,284.6022033691406,13540881
2013-09-11,284.85451091060975,290.0695988347981,276.94771417006194,281.8684387207031,6307373
2013-09-12,284.9806588100963,285.90593104650776,272.99433033375414,276.4009704589844,3496522
2013-09-13,271.77467882248544,279.4711634795629,266.1389942175068,274.00372314453125,5393254
2013-09-16,276.73740904289235,285.73769311042633,275.05510896267356,282.4151611328125,3984483
2013-09-17,283.21425930344043,286.6629677194057,277.83092694814417,283.7189636230469,3677563
2013-09-18,285.9900145575123,286.24236668814643,280.5646146419686,283.9712829589844,2487066
2013-09-19,290.1958317516454,301.76162303104536,288.5555994075527,298.01849365234375,9473616
2013-09-20,298.01846668351135,298.01846668351135,286.91531367835404,289.5228576660156,11382598
2013-09-23,285.90591350008384,286.24237352156774,277.62061751349864,281.91046142578125,5865483
2013-09-24,281.70020905698595,282.62548134035416,276.4009844861002,277.8309326171875,6043060
2013-09-25,277.57858726918596,285.06481664986774,273.45698704539996,282.62548828125,3677757
2013-09-26,283.88721866098297,285.3171669606105,276.90569297118316,281.5740661621094,5735740
2013-09-27,284.72827253727695,284.72827253727695,272.1531061493585,273.6251220703125,5590554
2013-09-30,270.681134344248,271.35405431942536,262.4799470686813,268.031494140625,6173039
2013-10-01,268.57830726108995,272.7840435024834,259.91448262880783,271.3540954589844,4654219
2013-10-03,270.6811591053609,274.0457308068491,261.59676709163307,272.7840270996094,6084930
2013-10-04,267.7371334585411,279.429098024882,267.7371334585411,276.190673828125,4172051
2013-10-07,271.9009094238281,273.96170988914236,268.6624842793133,271.9009094238281,2690157
2013-10-08,278.58794273906955,281.447838817583,271.69055469153244,279.344970703125,4468155
2013-10-09,280.69083819508677,281.8263944928742,271.816728760871,281.0693664550781,5809880
2013-10-10,278.6300034841052,282.8777793029245,276.8215272700221,280.01788330078125,3673190
2013-10-11,282.3310971913137,283.9713579916538,279.05063255501204,281.4058532714844,2296597
2013-10-14,283.3824827300787,284.7283228404728,279.2608545125427,280.1861267089844,1859046
2013-10-15,282.6254880672767,289.3546609294144,280.9431877311957,285.2330322265625,4620627
2013-10-17,286.83121054362454,294.40151895996894,285.56947823314135,293.2659912109375,6505452
2013-10-18,294.40156168761536,301.97189968485736,293.35014167810345,300.0793151855469,5157142
2013-10-21,298.22877485984367,302.4345115235351,294.4015379762161,296.8829345703125,2595830
2013-10-22,294.8220811909038,299.3642486245904,293.9809169207465,296.2099609375,3184462
2013-10-23,295.87354282960723,298.5231551156057,290.6163864458398,292.59307861328125,2669052
2013-10-24,293.5604031573603,300.1213603527854,292.593091126386,294.1071472167969,3339071
2013-10-25,292.8874663097851,293.64449431182527,287.6723497063928,288.93408203125,2612230
2013-10-28,289.35459671817665,292.9715202764726,283.5506689672045,285.4853210449219,2300715
2013-10-29,287.5882323625574,290.111668447161,282.7936838642815,286.9994201660156,2519191
2013-10-30,286.41069705473456,306.59821848532675,281.1114431289316,302.81304931640625,21918676
2013-10-31,301.00456335911576,311.6450526243756,299.5325469820569,308.78515625,11596552
2013-11-01,307.0187182353222,314.4208106287315,304.74763432831224,308.8692626953125,5959996
2013-11-05,303.3176963509428,307.4392963726109,299.4484200058645,302.4765319824219,5977214
2013-11-06,303.0653842718191,306.8084850325259,296.75677884344697,299.11199951171875,5858839
2013-11-07,297.7660922587791,301.5512603621828,291.7098403826426,292.92950439453125,3727390
2013-11-08,291.07898472224116,296.8829134371537,288.38733281696676,289.3546447753906,3403437
2013-11-11,286.8312072753906,291.4575115574741,285.56947497928394,286.8312072753906,4793478
2013-11-12,286.62093786492056,289.31258989398384,282.66752499347655,284.09747314453125,2929093
2013-11-13,285.82187786071347,285.99009367288306,276.0224950594293,279.6814880371094,3578940
2013-11-14,281.82638441813015,289.94346552438,281.82638441813015,285.90594482421875,3268860
2013-11-18,288.00880683208436,291.878083178198,286.6629666278388,290.40606689453125,4041879
2013-11-19,291.45756104224586,297.72409843569534,291.0790327444905,295.7474060058594,5518304
2013-11-20,296.1679213199789,296.96701748493587,287.58823291928087,289.69110107421875,4265438
2013-11-21,286.78911388967043,289.31254977797465,283.1301218828656,284.8544616699219,2478236
2013-11-22,285.65359981548187,291.7939889135796,281.78432328866216,282.5413513183594,3655653
2013-11-25,285.52737458979317,287.4199299084391,277.5785112334589,282.7515869140625,3516569
2013-11-26,282.6254356546903,286.45264328761,273.3727997632293,275.09716796875,6876493
2013-11-27,275.89632898499144,277.0739250379709,267.94746306026974,270.76531982421875,7019318
2013-11-28,274.8027955953817,274.88693197289797,270.26059897913325,272.19525146484375,6444942
2013-11-29,274.9710983855987,277.3263193313673,272.27941730472025,275.0552062988281,6981001
2013-12-02,275.8962878170517,282.2889999773719,275.8962878170517,279.76556396484375,3836570
2013-12-03,279.26084404833966,280.39640015920696,277.24208395839366,278.4197082519531,2866368
2013-12-04,276.82154863960056,283.2563293822553,276.82154863960056,279.4711608886719,4480939
2013-12-05,284.30774890937573,285.9900205295814,280.94314870459965,282.0787048339844,9374944
2013-12-06,282.45724744140796,282.62549171828266,278.4197550648428,279.59735107421875,4762438
2013-12-09,289.3546101777745,289.3546101777745,281.44781422610714,282.9198303222656,5918717
2013-12-10,283.46658401784424,287.04146816758873,280.1440520034701,281.99456787109375,3421539
2013-12-11,284.8544850721395,284.8544850721395,274.4662929055389,275.9803771972656,3164053
2013-12-12,275.09721595231645,276.31688012225527,265.4240104881361,272.19525146484375,4530513
2013-12-13,273.62521115877564,277.28420382296935,268.746554273184,269.8821105957031,5027068
2013-12-16,269.8820597165049,272.11110375078215,262.017331804813,263.5734558105469,4972532
2013-12-17,264.2463349966285,277.1158929506482,264.2463349966285,275.3494567871094,4711304
2013-12-18,275.8542489145311,279.2608893171755,272.19525633919113,275.6860046386719,3996392
2013-12-19,274.29813482526964,277.24213918120955,267.9895296492377,272.1531982421875,3503368
2013-12-20,272.5317001856215,277.49446455415745,269.1250599857655,275.8121643066406,3807279
2013-12-23,275.8122385116545,277.78893115348035,273.9196537842869,276.1066589355469,2997246
2013-12-24,276.73738105615087,279.1767088052308,272.7419294505137,273.9195251464844,2657958
2013-12-26,274.7607429815076,279.00851904127563,272.48963053897927,277.2000427246094,5657339
2013-12-27,278.84035547610563,278.84035547610563,275.77017476725547,276.9057312011719,2806661
2013-12-30,277.0318275306417,280.6908198763481,276.73743566909684,277.2841796875,3614597
2013-12-31,277.15802743034953,280.35438392393223,274.25606282361423,277.78887939453125,2339127
2014-01-01,278.4197487291205,285.1489215250578,277.74682860130815,284.09747314453125,1883623
2014-01-02,284.30779710348804,285.1489330561751,274.6345912366512,276.485107421875,5276461
2014-01-03,275.8962412980715,279.17670471301943,272.5737097051709,277.0317687988281,4701341
2014-01-06,276.31680914888346,278.1252566038107,274.00365748723885,277.0317687988281,2704888
2014-01-07,277.99922357450646,281.36379624943964,274.63462241738284,279.0085754394531,4110547
2014-01-08,280.10205542265606,280.94319136046937,275.64396659499755,279.59735107421875,6305970
2014-01-09,279.59728537721986,280.1019896070668,275.2653736545404,277.2420654296875,3730440
2014-01-10,275.05509638783633,280.2281439761009,275.05509638783633,278.0411682128906,3787879
2014-01-13,277.5785439733847,280.7748998747081,276.77947635969025,278.4197082519531,2555309
2014-01-14,278.41975250871343,279.26088843880433,274.2140158938858,275.854248046875,2474603
2014-01-15,277.49446133128924,280.2702495869073,276.90564913095074,278.8403015136719,2800811
2014-01-16,280.0599813106681,280.0599813106681,263.74171090822983,265.42401123046875,10508913
2014-01-17,265.8025397773067,267.94744776861705,257.60135061924865,261.5126953125,6504517
2014-01-20,261.6808552047582,263.1108030542349,258.35832345523113,259.5359191894531,5217898
2014-01-21,261.5968297000653,261.5968297000653,254.57323581650257,256.4658203125,7842351
2014-01-22,256.71808075087216,262.26965615725834,256.71808075087216,260.5452880859375,5951157
2014-01-23,259.9145114172656,265.7184406054001,257.7275351652329,264.6669921875,5278619
2014-01-24,263.27912582442457,264.7511138107312,258.8630764189388,263.4052734375,5058323
2014-01-27,258.989237750868,262.5641224782085,255.58259730168527,258.1481018066406,5568181
2014-01-28,258.14808022905885,260.33505628699896,254.15262786356882,257.39105224609375,5757925
2014-01-29,260.75564851734276,264.7511012550704,253.14327130972796,253.94236755371094,8611443
2014-01-30,254.02644217695357,261.3023583541268,252.42827838052222,259.6200866699219,9410790
2014-01-31,260.755658378817,266.01284372597974,259.9986302966932,264.9613952636719,3675441
2014-02-03,263.36321349957944,263.36321349957944,255.54055253372834,257.264892578125,4028120
2014-02-04,254.7834879104803,267.23248152828126,251.88155196341506,266.0128173828125,7637040
2014-02-05,266.5595324485258,267.2324524889143,261.9332285324914,264.3725280761719,5097413
2014-02-06,264.5408278492524,268.70452503330705,262.8585273951995,265.0455322265625,7592592
2014-02-07,264.7510911015732,267.6951237860378,258.6107305281338,265.42401123046875,9224604
2014-02-10,264.7931654194543,264.7931654194543,256.80226006549844,258.2322082519531,10467267
2014-02-11,256.5499611186054,258.27433002739724,252.0077634421232,256.2135009765625,11167787
2014-02-12,256.6339902909197,259.49388606228797,253.73202633855047,259.03125,7256213
2014-02-13,258.6106988489537,260.83974294259457,253.26940666096024,254.78346252441406,3673969
2014-02-14,255.70872622035424,267.0642017836673,254.02642616003854,256.8863220214844,14159920
2014-02-17,261.4706095777109,261.51267776381013,254.86761329118218,256.2554931640625,3867756
2014-02-18,258.232115053338,259.6200230312198,251.88147264490942,254.23666381835938,7408301
2014-02-19,254.02643860750226,257.1386867510431,253.47969462138155,254.48907470703125,2544886
2014-02-20,255.70873150021094,255.70873150021094,249.105735669588,249.73658752441406,4785876
2014-02-21,250.24130295918187,250.99835948353717,240.65223362140236,242.37660217285156,6257760
2014-02-24,243.84857897654766,245.61498715532963,237.11940631843467,237.87643432617188,7194628
2014-02-25,238.71757319037758,243.4279995249473,238.71757319037758,241.49334716796875,5895280
2014-02-26,241.61952870194784,245.53087320803863,239.81108086199237,242.4186248779297,8052633
2014-02-28,243.93265678179722,245.9093771743025,238.29698712467427,241.91392517089844,5039929
2014-03-03,244.26911002375672,244.68970639312192,239.81105054455233,241.1148223876953,3743907
2014-03-04,242.670986312637,244.68974668213363,240.44194196492438,241.70367431640625,4211396
2014-03-05,244.26911632780963,244.26911632780963,237.11937661461837,237.8343505859375,8474738
2014-03-06,238.88581609379608,240.98868434364738,238.46524814026296,240.4419403076172,8311773
2014-03-07,242.25042970957747,257.18079223794473,241.87190144173695,253.94236755371094,14249287
2014-03-10,253.9844041068623,260.67150814824083,253.1012000741038,256.6760559082031,10134303
2014-03-11,258.0219473119268,258.0219473119268,251.33484194200182,254.90969848632812,4448609
2014-03-12,256.5498663097689,258.2321663982837,250.74596660712055,252.47030639648438,4115516
2014-03-13,253.18533470383832,255.6667028053837,250.66189841260078,253.10122680664062,2283999
2014-03-14,252.84885306751931,254.27880112666733,244.22709652652708,248.13841247558594,4199008
2014-03-18,250.24131198055187,251.50304441777695,247.04495541939454,248.2225799560547,3444084
2014-03-19,249.7786752616145,253.94234340091214,248.6431190482844,252.09182739257812,5211552
2014-03-20,251.5450933359542,255.7928695341811,248.1384245611193,248.55902099609375,3582627
2014-03-21,251.75537568063024,252.34415941784422,245.236487008098,245.99351501464844,5050188
2014-03-24,248.1384072792895,250.45158782289565,245.78321551482742,247.2552032470703,5319891
2014-03-25,247.29731021615862,249.31607074417335,243.55420953849892,248.01229858398438,7649439
2014-03-26,249.40017161769575,251.92360796551134,248.13843920269431,251.12451171875,7887921
2014-03-27,253.60589887001666,265.38197269549676,251.96566672941154,261.3444519042969,14322728
2014-03-28,261.59680055628974,269.08300131989756,260.4191761002669,266.9801330566406,5662000
2014-03-31,268.74652183779625,275.2233704313214,265.67634180067284,267.2745056152344,6532401
2014-04-01,267.4847504088246,270.34464575972,262.43785112885337,265.2557067871094,3162658
2014-04-02,269.1671348018292,276.31690466587406,268.3680670019368,274.0878601074219,6702502
2014-04-03,276.485061851532,276.485061851532,268.70447012501467,269.7558898925781,4881760
2014-04-04,270.59703986161963,270.84939201190844,264.9613555590009,265.97076416015625,2500822
2014-04-07,265.97070756809654,268.91473972449387,264.12019178665145,267.02215576171875,3700298
2014-04-09,267.6109602540117,270.00824865077095,266.7277562347275,269.251220703125,4273679
2014-04-10,270.00823533304344,273.1625230396852,266.0127833510306,268.956787109375,7003435
2014-04-11,267.4848362875378,272.48964051735953,265.9287120702094,271.0596923828125,5656050
2014-04-15,269.6718137090599,277.91504249521654,269.6718137090599,273.5831298828125,7037546
2014-04-16,274.21401038556377,277.57858252052756,270.4288418118169,272.27935791015625,2618016
2014-04-17,273.3728131292301,274.97100535081097,270.00824139870684,273.83544921875,2780516
2014-04-21,274.21399636997876,282.96192904525896,273.6672523579103,281.6160888671875,2331487
2014-04-22,282.62544820951956,284.01332798969173,278.9243879920899,281.99456787109375,4003481
2014-04-23,281.99464013085054,287.25182572655496,281.4058563070232,284.980712890625,10125384
2014-04-24,284.980712890625,284.980712890625,284.980712890625,284.980712890625,0
2014-04-25,285.3591526839787,290.6163366491204,283.7609605557076,287.4199523925781,5253995
2014-04-28,286.28447926272776,288.89202340967466,281.61610653301364,284.01336669921875,2061766
2014-04-29,286.78913418785714,287.3358781943171,278.12530949203375,281.7843017578125,4881096
2014-04-30,285.401244502738,289.0181684581513,271.984939989703,275.9383239746094,6630619
2014-05-02,275.9383021577513,278.8823343035939,270.93347029556367,273.87750244140625,4679457
2014-05-05,273.37281754591436,275.55982196059813,267.98948560079305,269.41943359375,2753659
2014-05-06,270.63911890980324,271.69056725675176,263.57348627560054,264.87725830078125,4024013
2014-05-07,264.54077508599755,265.80250729542905,256.7601833214153,261.5967712402344,6526369
2014-05-08,262.4379054747778,265.213693533031,258.2321694449617,259.0733337402344,4040554
2014-05-09,259.0734263659593,263.9520557011794,258.6528298268571,260.2930908203125,4855275
2014-05-12,260.88179621217796,268.9147690038115,260.88179621217796,267.1062927246094,3154170
2014-05-13,270.13446233767,274.003738983897,264.66699320439426,268.49420166015625,5869623
2014-05-14,271.26995247469756,273.3728205441308,269.5876808048976,271.8587646484375,3047032
2014-05-15,273.70926770855,274.2139719715124,267.8632998771143,270.3446960449219,3376603
2014-05-16,274.2139898853264,291.0369347490196,274.2139898853264,278.2094421386719,15301025
2014-05-19,280.01792427267696,289.60702225020316,279.5132483970011,284.47601318359375,5477382
2014-05-20,285.99002591686155,294.3173902189106,284.60214610761153,292.3406982421875,8561464
2014-05-21,292.71926071286043,294.3594928547397,282.37313503901345,285.4012756347656,3802119
2014-05-22,285.9059239792561,286.4106282710718,278.16737168367194,279.76556396484375,4212270
2014-05-23,280.6067287609182,292.71926274586514,280.6067287609182,289.06024169921875,7182794
2014-05-26,290.2378612155915,293.60246184335415,282.7937001280329,285.5694885253906,6913231
2014-05-27,285.9900598822569,285.9900598822569,280.1020514369733,282.5413513183594,4371841
2014-05-28,283.8871380339211,289.35460596710357,281.15341830842027,287.3358459472656,6017145
2014-05-29,287.8406049764952,293.43422155361264,282.2049202101399,283.92926025390625,8026940
2014-05-30,285.1489069862639,291.79397154796146,285.1489069862639,289.4387512207031,4834916
2014-06-02,290.1957940623826,307.01874029685035,287.04150588451296,304.1588439941406,6886379
2014-06-03,306.7664309835719,307.98609521236006,299.06991734031425,302.98126220703125,6487420
2014-06-04,302.8129869239433,303.82236705982586,294.94825828710304,297.6820068359375,6266080
2014-06-05,297.76613249918404,302.81300499764,294.82212828878244,298.7755126953125,8150401
2014-06-06,302.6447501470876,308.82717812856487,295.57911816825657,299.3642578125,7173403
2014-06-09,302.26621878832697,305.7569950399467,297.345523061052,299.78485107421875,9484266
2014-06-10,304.9579266529503,308.2804589562363,299.6587022424716,304.1167907714844,9441767
2014-06-11,305.3364244766263,307.0187247111087,294.6117996448051,298.90167236328125,5407848
2014-06-12,295.2427006232562,296.6305806121245,285.6956710487051,287.67236328125,6972595
2014-06-13,288.0088151379414,288.93408742559035,276.9477298033127,280.3543701171875,6868987
2014-06-16,279.681471612266,282.1208001207984,275.8542630471767,279.8076477050781,5279321
2014-06-17,280.1020158742886,286.15826782513096,280.1020158742886,284.5180358886719,4378378
2014-06-18,283.46662762065256,290.1116926715441,282.91988356470495,286.2003479003906,6554028
2014-06-19,285.02271108719435,290.0275432537493,282.9619112455224,284.43389892578125,4779752
2014-06-20,282.7095848529587,285.86387293723305,280.35436447500615,284.9386291503906,3061729
2014-06-23,283.4666471399827,289.0602926539139,283.4666471399827,287.29388427734375,4876509
2014-06-24,288.51352256346,290.53225446750514,284.9386379397821,286.7891540527344,3514105
2014-06-25,284.307778148324,284.89656188307504,279.3029455098281,283.46661376953125,6295558
2014-06-26,282.204881048892,286.8311849712314,281.91046072945676,284.6862487792969,4760973
2014-06-27,285.9059935704613,285.9059935704613,276.86366712370346,279.0085754394531,6976862
2014-06-30,279.2608486752575,284.30774898374165,279.2608486752575,283.3824768066406,5137323
2014-07-01,283.6769134376075,287.46208214611926,281.48993719968934,282.2049255371094,2348339
2014-07-02,284.05539920087347,285.90591508822274,282.66749092372453,284.43389892578125,3235504
2014-07-03,285.99006709586286,287.8406117508955,282.62549482543335,283.4245910644531,4085387
2014-07-04,287.0415535288064,290.36408653124465,283.84519663157585,285.3592529296875,4634232
2014-07-07,286.45269208804353,291.7939848936933,285.3171358180485,289.7331848144531,6165692
2014-07-08,289.77519938088676,292.17245931428806,284.13951519061834,286.4526672363281,4422166
2014-07-09,286.7049955541217,290.02752742255154,284.34977551921196,287.2517395019531,2913994
2014-07-10,289.35460228742284,290.6163344043215,276.7373950471584,280.9851989746094,6605423
2014-07-11,280.10205719706806,283.38252155394525,277.8730127691181,282.2049255371094,4222483
2014-07-14,280.1440668526995,281.7842988551836,274.71866654775425,279.344970703125,3951757
2014-07-15,280.18618896072775,282.2469892862727,277.2001162331642,281.4058532714844,2791094
2014-07-16,280.1020491419155,283.88718925938764,277.57858442068596,282.793701171875,4598577
2014-07-17,283.4245167255447,285.82177633164423,282.20485283289804,283.1300964355469,1603948
2014-07-18,282.2890103797057,285.19097471803286,281.02727808585513,282.83575439453125,2182944
2014-07-21,283.4666129096121,285.9900490739646,281.02728463822814,283.6348571777344,1682610
2014-07-22,285.990083078737,300.12137854728275,285.990083078737,297.892333984375,10834823
2014-07-23,297.89236157106205,300.0372699474439,294.1913001936046,298.0605773925781,5618523
2014-07-24,297.76613712347256,299.4484374764793,295.3688769218046,298.27081298828125,2281668
2014-07-25,299.02780957889837,301.0465697902006,295.3688458589155,298.43902587890625,3469073
2014-07-28,299.8689350301289,300.28950289907783,295.41084726203854,297.7239990234375,3800382
2014-07-30,301.1307273857838,314.8414249434528,301.1307273857838,313.87408447265625,12472425
2014-07-31,314.58906008707856,315.5984402231537,311.2665278199837,313.6637878417969,9190997
2014-08-01,311.6449764145112,325.6080232816354,311.2664767269773,319.6779479980469,9349848
2014-08-04,321.78089255788507,325.1875329690441,313.7479190585519,317.0284118652344,7246998
2014-08-05,319.3415380726843,319.8041741919152,314.1684898353386,315.21990966796875,3432741
2014-08-06,315.4302318493672,317.4489923512142,307.3131786150791,309.247802734375,5823989
2014-08-07,308.70099993194754,312.02353194501046,305.5467121697925,307.6916198730469,7882178
2014-08-08,306.051431519074,315.7246370987089,303.8644553212703,314.5890808105469,5987141
2014-08-11,317.0704397779466,319.6359441588324,313.2432315417366,316.6498718261719,4623445
2014-08-12,319.2153475619373,319.2153475619373,310.2150631835538,311.1824035644531,3758284
2014-08-13,312.7385246783136,317.95361233457965,307.6075164254407,310.0468444824219,5088251
2014-08-14,309.50016418220434,311.18246465076805,305.50471125018635,307.18701171875,3085046
2014-08-18,306.9345835491987,316.6918953693503,305.33639137913326,316.5236511230469,2941081
2014-08-19,315.72459161628973,323.1687232542932,315.72459161628973,317.2386474609375,5532857
2014-08-20,320.0565007980631,324.6407653640574,314.21053242134,315.05169677734375,4836047
2014-08-21,316.3080613843228,318.3454506056495,312.7425655698033,315.03466796875,2560698
2014-08-22,314.1433425846913,316.138303827069,309.2620532152384,309.9411926269531,3123067
2014-08-25,311.469234065004,314.44044735715465,309.8562708165577,313.33685302734375,3003476
2014-08-26,312.657727642224,318.9397529507143,309.9836269358411,313.7613220214844,2818960
2014-08-27,313.67640804037643,317.15699008822475,310.3231682162257,313.251953125,3472892
2014-08-28,312.53038598001643,316.81745001498086,312.53038598001643,313.9311218261719,4787890
2014-09-01,314.1008513426304,320.89221597382823,313.97350912364107,319.02459716796875,3447961
2014-09-02,321.4016782615357,334.8995262160754,319.06714688935085,332.4376525878906,6636891
2014-09-03,331.41887593411064,347.12393855867003,331.41887593411064,343.388671875,13661124
2014-09-04,344.5771514470919,346.31745693151777,338.1253559207226,343.388671875,6719459
2014-09-05,344.28007570681046,346.10526662548534,335.74840408142865,340.50238037109375,3055188
2014-09-08,343.21886500412626,345.9353935587696,340.88430560849486,342.751953125,3569223
2014-09-09,339.39877713143284,348.86424372385864,339.3138918862435,344.7469787597656,3943462
2014-09-10,345.46859604586007,349.5858616008892,342.6671525891153,346.1477355957031,5147073
2014-09-11,346.1476623426667,351.24120788857465,341.35125825282717,344.7044982910156,7838854
2014-09-12,345.46851784079644,352.8117089679884,344.8318354364835,351.45343017578125,4618781
2014-09-15,348.5246862188913,351.8779266030096,346.48726779034223,349.37359619140625,3619408
2014-09-16,349.3311145338946,354.46708807144284,347.5908091127001,350.01025390625,4342129
2014-09-17,353.15128512602683,355.10378936647237,349.7980450759607,351.75054931640625,4378000
2014-09-18,351.41098418214455,355.6980481610432,349.20379544844144,353.0663757324219,3643270
2014-09-19,352.7268014039627,356.54695339021526,347.3361718742407,352.2599182128906,3862700
2014-09-22,351.87792079546495,354.934048387849,347.5484282653248,352.4297180175781,2386534
2014-09-23,352.30236858793046,352.4297108281938,344.19518091514567,345.0865478515625,2182556
2014-09-24,343.89803688394124,346.7843939024671,335.49373654327735,342.2426452636719,3474338
2014-09-25,342.28511298714795,354.84913564246165,339.01675789365413,344.87432861328125,6393950
2014-09-26,343.81319485521755,346.99666500201266,340.88440921906925,343.85565185546875,4018112
2014-09-29,342.83688535689714,345.4261007953227,339.2289607912832,342.3275451660156,2435380
2014-09-30,342.3275187319306,347.1663507806453,340.41744285912415,343.98291015625,4148252
2014-10-01,342.9642652250707,345.8505936961138,341.0117319973483,342.2851257324219,4642350
2014-10-07,339.56853629834916,344.2800553125082,339.56853629834916,342.4548645019531,5427769
2014-10-08,339.56852901262806,345.08652957436647,337.10665581906517,339.3138732910156,6679826
2014-10-09,338.80448778083456,346.3174492274683,338.80448778083456,343.77069091796875,3174456
2014-10-10,340.2901067836304,341.2663588599065,331.50375186087433,333.0318298339844,2947378
2014-10-13,332.52245330761065,334.0929594899629,322.59007606441526,332.3951110839844,4680304
2014-10-14,333.2865194942288,339.8232294865956,333.2865194942288,338.21026611328125,2715018
2014-10-15,338.21026611328125,338.21026611328125,338.21026611328125,338.21026611328125,0
2014-10-16,338.2102612837008,341.4786162332127,326.0706941439188,329.5088195800781,4298043
2014-10-17,331.0793130219099,339.56852691338,331.0793130219099,336.1304016113281,5080864
2014-10-20,339.56852418211383,342.41242403577735,338.1678171241831,341.0116882324219,3650660
2014-10-21,342.87932850381446,352.30233724528983,342.7095292834273,348.6095275878906,4542123
2014-10-22,351.3685439724837,352.30233908049286,345.6807443593833,347.5908203125,2854861
2014-10-27,348.99156401017495,353.87285336475634,348.94910701753776,351.92034912109375,2755722
2014-10-28,352.30236665259775,352.30236665259775,339.6958873717511,346.1052551269531,3408381
2014-10-29,348.90667046720546,349.3311254017768,342.36996099127975,343.89801025390625,2572044
2014-10-30,344.3224903211551,348.05772820070047,340.79945116124463,345.9354248046875,6382703
2014-10-31,349.92542631831486,351.4535046560917,336.2578077524823,338.6347961425781,16904947
2014-11-03,340.7994337555272,342.836851810544,334.0505259732402,335.9606018066406,5739253
2014-11-05,338.7196062632559,338.9742907206292,324.75484928045796,326.45269775390625,11873813
2014-11-07,328.0232385524183,332.90452827552787,321.7412129116273,331.8009338378906,8290910
2014-11-10,332.77715481746253,335.4937124063151,327.59872410006847,332.1404724121094,3727030
2014-11-11,332.8619955469686,333.9655897335163,325.0943792549522,326.83465576171875,4608206
2014-11-12,326.28290133231906,330.27282372007534,325.5613336908049,328.7872314453125,3122243
2014-11-13,330.44261574768194,332.73468959752813,319.1944164708066,331.84332275390625,5146041
2014-11-14,328.99947994614394,334.7297081799797,328.53256798891323,329.6786193847656,2872915
2014-11-17,329.21169130642033,335.3239172092808,327.00450261169635,333.7958679199219,2310461
2014-11-18,334.4749814767632,343.3037643187876,331.92822327617245,339.14404296875,8324287
2014-11-19,340.5872567345803,346.1901428428258,335.62108182869906,341.0541687011719,6340864
2014-11-20,341.6908575770798,343.68581897596937,333.66855498542395,337.6584777832031,3294101
2014-11-21,338.2102378091174,341.52104952320656,335.11168230674446,340.88433837890625,3186377
2014-11-24,340.4174435069832,343.13397222946327,336.2577220706122,339.1015930175781,2850647
2014-11-25,344.57716861129506,346.1901319459451,338.29517199397463,342.6246643066406,6439812
2014-11-26,341.60591891367494,342.2850582724742,332.3951093258497,333.9231872558594,4162084
2014-11-27,334.64479089449236,334.64479089449236,325.4764373088432,327.1742858886719,5302552
2014-11-28,327.68364565496887,331.33399844026314,321.8685323978625,324.5426330566406,6057648
2014-12-01,326.6224714965502,327.25915390092956,319.2793091140167,320.72247314453125,3176480
2014-12-02,320.59512713242634,327.51383449708516,320.1706722011808,326.28289794921875,3677823
2014-12-03,328.53254561879316,328.8296583234246,320.04333195948743,321.2318115234375,7485703
2014-12-04,322.59018415501686,324.7973734496424,312.48803305899764,314.0160827636719,5866566
2014-12-05,316.6476539362462,318.9822137030667,309.89874534579286,312.2332763671875,4821637
2014-12-08,311.5541408244549,318.2606212499785,311.1296858598879,313.888671875,4263114
2014-12-09,310.87496729932457,316.0109407965121,299.3296555508573,300.6454772949219,6530448
2014-12-10,305.611659955795,307.0123957182045,295.9764238197453,299.92388916015625,5831543
2014-12-11,299.41453489808373,303.4893422746496,290.3310676018848,291.4346618652344,5011388
2014-12-12,292.9202682647194,298.18358362183164,292.9202682647194,295.38214111328125,4315126
2014-12-15,292.45341367695664,298.3534125227491,289.4822001290997,297.0800476074219,3772552
2014-12-16,294.57570155895144,298.6080810664555,289.4821846786439,297.1649169921875,3775593
2014-12-17,292.96275044312745,296.6555312880851,288.71814370099435,290.37353515625,6079742
2014-12-18,292.1562959307553,296.4433313156982,291.6469269770266,295.59442138671875,5392525
2014-12-19,295.8915591097578,296.1462436081379,285.06781287374633,291.26495361328125,5594541
2014-12-22,292.8354335629056,296.82535619714037,292.02895188810203,296.103759765625,3422665
2014-12-23,297.12248911047146,302.6404902259665,296.31603612629647,301.5368957519531,5122234
2014-12-24,303.40450341544164,303.40450341544164,297.5469615265697,299.754150390625,6101722
2014-12-26,302.21599115360135,302.81021655574756,296.6555338519205,300.7728271484375,1285099
2014-12-29,299.6692236580246,305.14476733515363,297.1224651735188,298.14117431640625,1342543
2014-12-30,300.0088344213339,300.51820343518546,294.6606322484708,296.9102783203125,1135504
2014-12-31,296.9527079466287,300.0937207577402,296.9527079466287,299.4145812988281,2422916
2015-01-01,300.8576971844587,309.77136522053195,298.52316644860247,308.0735168457031,2460188
2015-01-02,308.83757654133046,311.5541342499158,307.3095272029641,309.89874267578125,2795887
2015-01-05,310.91741822106763,310.91741822106763,301.87640791269064,303.0224304199219,1605267
2015-01-06,302.30086872249564,302.30086872249564,295.76415950129893,300.6454772949219,3916948
2015-01-07,298.77781975439683,303.9138218266798,297.54691203109815,301.3670349121094,4899318
2015-01-08,302.6829144269849,308.11600095931135,299.796557562967,306.58795166015625,7096620
2015-01-09,307.7339746171767,309.7713928486863,300.47569731967076,302.04620361328125,3831782
2015-01-12,301.9613379879476,301.9613379879476,294.6606032235141,296.2311096191406,2276975
2015-01-13,297.03760350124435,299.0750219486885,292.2836558693027,293.9814758300781,1604173
2015-01-14,294.5332265231836,295.5943637274201,292.58069382379955,293.55694580078125,3415213
2015-01-15,293.8116926483545,299.3296935189473,291.43470456228397,296.5706787109375,4966049
2015-01-16,294.5756836984573,298.82029042316617,287.8692039236003,291.05267333984375,9779165
2015-01-19,291.94405727299727,299.07499238881894,290.24620873460515,297.5044860839844,3385131
2015-01-20,297.5045008257007,303.0649299122139,295.46708247867355,301.2821960449219,2891041
2015-01-21,301.36704302192146,314.1008629557529,300.942588106545,313.251953125,5052826
2015-01-22,316.9448218368931,317.4541620814067,306.5879877380705,314.1009216308594,2502844
2015-01-23,316.6052127745511,329.1692342817206,315.7987311375812,326.0706787109375,6269436
2015-01-27,324.8822264406889,335.32394537060395,323.948402493531,334.6448059082031,5268554
2015-01-28,334.2203903001998,335.91823915620074,315.45922511860846,317.1570739746094,4490563
2015-01-29,318.17568736860227,323.0145192176664,308.20085349893617,319.02459716796875,7542171
2015-01-30,323.2692849375562,323.2692849375562,310.8326037735991,317.241943359375,5409140
2015-02-02,314.1008642470305,316.9447639335054,302.6404377576372,305.0174255371094,4157252
2015-02-03,305.739025438181,317.4965946076896,305.6965971892416,315.416748046875,4242370
2015-02-04,318.3454457363136,320.2979784442702,309.8562330834673,313.20947265625,5535031
2015-02-05,314.10088621490905,315.71384950728697,305.65412928991293,309.60162353515625,8259274
2015-02-06,309.7714559909657,314.10094905635725,304.76282337663855,312.6153564453125,3318996
2015-02-09,309.8562937113151,310.45054791182343,299.8814870143007,302.3009033203125,3030260
2015-02-10,301.6217872934616,307.1397885240735,299.6692540518692,302.3433837890625,6847286
2015-02-11,303.0224710144623,306.1634837600503,295.42465237405463,302.3009033203125,3489433
2015-02-12,304.76278297869015,305.4843506878923,296.5282529711655,299.4145812988281,4361948
2015-02-13,300.34832589536563,302.64042836939456,296.5282030143544,301.3670349121094,3377769
2015-02-16,299.66921416541726,310.23830322218714,298.8203042792814,306.7577209472656,2355833
2015-02-18,308.2009249553225,308.62537995341563,297.54697802329866,298.8203430175781,3408770
2015-02-19,301.32461895721684,304.253375161192,297.2922397143627,302.8102111816406,3057263
2015-02-20,301.36708313300954,304.5929811628205,295.63688352190843,296.5706787109375,4072136
2015-02-23,295.4246374713123,297.88648190254094,293.0476495346131,294.83038330078125,2410807
2015-02-24,293.81166029338465,296.99510097727267,288.71814370099435,290.37353515625,7390936
2015-02-25,294.4908567238165,297.54698451857206,292.5807804452729,295.93402099609375,2882686
2015-02-26,297.1224759234541,299.3296935189473,293.93903488900094,296.5706787109375,4571845
2015-02-27,296.2735791290544,303.9987691925763,294.8728431652026,301.5368957519531,3711112
2015-03-02,302.4706638250169,308.15843492794613,293.30233911443776,296.3160095214844,4619840
2015-03-03,297.1224918180365,297.63186080787085,291.7742898973455,296.4858093261719,2293482
2015-03-04,298.82033727005,304.25342438108487,296.5282630771757,298.18365478515625,3694564
2015-03-05,298.310994593344,298.73544957980437,292.0714258051783,295.3397521972656,3879220
2015-03-09,294.3634544395881,294.3634544395881,287.8692021660736,291.56201171875,3823862
2015-03-10,290.37356559119024,324.54265057218583,289.2699711720154,312.3606262207031,12896222
2015-03-11,314.1008382762412,334.47496006770643,307.52170136857274,330.697265625,14318713
2015-03-12,330.6123906188949,339.4836309277601,328.57500119595414,337.7008972167969,18411651
2015-03-13,338.6771673384938,341.86063698920833,330.5699799702615,339.78076171875,12653947
2015-03-16,339.48361500729976,339.48361500729976,327.8533894400762,329.72100830078125,15605904
2015-03-17,332.9469763060143,333.11674679395907,321.741204248012,328.1505432128906,13158523
2015-03-18,327.5987079692134,331.3339744699624,323.86347021388747,324.5001525878906,4777244
2015-03-19,325.13681966068447,326.79223974786396,322.3778340910881,324.2454528808594,4636137
2015-03-20,323.43910998746946,329.2117675241082,320.55275247371867,322.8023986816406,7256601
2015-03-23,325.9858341036193,330.9944662829189,320.89228792900485,325.3491516113281,3546841
2015-03-24,324.11816593857776,336.5973018775897,323.9483667190154,334.34765625,8101985
2015-03-25,328.53251844011356,337.4037580532706,328.49006145206823,335.3238830566406,11374656
2015-03-26,331.0793219404535,342.53977824991244,331.0793219404535,339.27142333984375,12656646
2015-03-27,340.41747696500056,343.38869042847875,315.0347196794429,319.618896484375,9357286
2015-03-30,322.5901625666147,333.5412517899198,320.55274393310896,330.5700378417969,5166621
2015-03-31,330.27281297818854,335.9181554240344,326.8346878676802,333.8807373046875,6709861
2015-04-01,333.88072335568836,343.6857581204498,333.6684959036342,341.5210266113281,6096908
2015-04-06,341.5210742996202,347.29373079057234,338.25271933984897,340.2476806640625,4825167
2015-04-07,341.26636027143957,348.05772533365393,336.34261413361384,343.60089111328125,4691848
2015-04-08,345.51103328217533,358.96645250510846,345.51103328217533,355.825439453125,6392808
2015-04-09,355.86778669816897,356.9713809659563,344.02533369597523,345.68072509765625,5176227
2015-04-10,345.5110149343358,351.36858571923227,340.84195260327704,349.7131652832031,5103339
2015-04-13,347.29370405450317,362.48939754064816,346.359880210622,361.38580322265625,4307880
2015-04-15,360.7915903414675,360.7915903414675,347.3362007756987,352.4297180175781,3883730
2015-04-16,353.2786147330477,359.0512999689331,351.8354506104329,354.84912109375,3429760
2015-04-17,356.5045087446845,360.536859272,342.87932170042274,344.6195983886719,6165372
2015-04-20,342.7943913236533,346.0202888384681,338.5073565485675,341.5210266113281,3642501
2015-04-21,337.573569027235,348.0153160152921,334.475013399873,338.1253662109375,4315761
2015-04-22,337.0217857643086,340.672138726152,332.09803915532495,339.0592041015625,4659581
2015-04-23,341.09658227938235,342.030377348279,337.02174608463054,339.441162109375,6374398
2015-04-24,339.5685525760587,342.2851104251673,335.28151705903986,338.84698486328125,8213565
2015-04-27,338.6771927140892,342.7095725762291,326.1131698898299,331.92828369140625,16825758
2015-04-28,330.2304256055041,347.63330951832506,325.47644940530034,340.20526123046875,5756976
2015-04-29,334.4750243985697,341.6908450171239,325.90092489995214,328.8296813964844,12480808
2015-04-30,328.9145841223719,329.38146731915805,315.6289659930152,323.52392578125,9124401
2015-05-04,317.1569954844625,334.55987727438065,317.1569954844625,333.5411682128906,5025010
2015-05-05,332.77713125999065,332.77713125999065,324.71237304806147,328.5749816894531,2710648
2015-05-06,333.88069715033765,343.81307335585194,327.68358704773556,331.2490539550781,15076384
2015-05-07,330.99441572468766,339.9929694738666,327.1318356178503,334.1778564453125,8782001
2015-05-08,337.0217654339544,339.56852382917896,334.5598922779715,337.8282470703125,6371723
2015-05-11,337.02182140233185,341.90311153258807,335.06928810297165,336.3426818847656,4799566
2015-05-12,336.59728948195897,339.01670549458896,330.1879225289238,332.3951110839844,6930590
2015-05-13,336.17285104624443,339.56851927923645,323.18434603558234,324.7548522949219,6440531
2015-05-14,324.2879274246861,332.9469400013492,323.354103606535,327.6836242675781,5484794
2015-05-15,329.38146359900543,335.32391905596313,328.53255371033646,332.77716064453125,4322623
2015-05-18,334.4750536135526,339.3988006111379,332.77720486517336,337.4038391113281,4866514
2015-05-19,338.63468928683574,343.8130907137185,335.40876311692733,337.8706359863281,6042689
2015-05-20,337.233988089827,342.8368737265793,336.8944183922837,340.0354309082031,5645720
2015-05-21,340.41744889184366,341.86061288314,334.05053878479856,336.5548400878906,2829064
2015-05-22,335.7483538253855,338.46491129856986,331.6310893709799,335.239013671875,3589617
2015-05-25,335.23900548506464,347.2088006271921,333.0318169647153,339.4836120605469,5979086
2015-05-26,341.2663674686196,345.46851732347164,338.0404697146704,340.0354309082031,6978361
2015-05-27,339.695848186692,350.68939157091665,339.695848186692,346.99658203125,5615442
2015-05-28,349.7555684366129,350.39225081680803,339.52607838161526,342.1152648925781,8018965
2015-05-29,341.90303206949034,369.2807476789425,341.52103414553454,361.3009033203125,75197864
2015-06-01,353.1087863850834,357.35339281381897,348.227497615664,353.66058349609375,4727277
2015-06-02,356.84412768255504,360.3671385358863,350.3923027084802,354.9340515136719,4759119
2015-06-03,354.97647472544526,359.0937397437703,347.3786271542421,357.1412353515625,4054895
2015-06-04,356.9714289820583,360.28224097617914,351.45345690090113,353.4908752441406,3630919
2015-06-05,354.00018610526894,358.54190563324823,351.2836285395266,352.81170654296875,5527337
2015-06-08,354.29734556426894,354.76425755067487,346.4023850287536,348.5246887207031,3158812
2015-06-09,349.7555689493428,349.7555689493428,341.98795191422056,346.31744384765625,3013310
2015-06-10,347.88798352761256,355.3160315918402,346.44481941092675,352.3448181152344,3796042
2015-06-11,354.0851180696168,354.59448705312434,347.29375200446384,348.5246887207031,3434353
2015-06-12,348.9915558495676,357.6929969935804,345.9778855692691,352.132568359375,2529220
2015-06-15,354.67931964571017,355.18865980817236,349.4160038216232,351.1562805175781,2604882
2015-06-16,350.64699417636433,352.5570703832692,347.3362107486243,351.7081604003906,4285319
2015-06-17,352.8117403298578,360.36713085133766,352.09014387781997,358.49951171875,4864718
2015-06-18,354.9340135109085,367.9649468169644,351.3685460428616,362.0224914550781,6872461
2015-06-19,362.0649440263539,371.23329704522575,362.0649440263539,368.4318542480469,3747410
2015-06-22,369.195848015619,370.1296717850983,359.5181556359221,360.3670654296875,4135774
2015-06-23,364.1448116566274,368.60164619691756,363.593014463326,365.2908630371094,5811630
2015-06-24,364.1873017337344,366.2247202073561,359.3908970429762,360.7491760253906,2864319
2015-06-25,361.2160320509,364.611729251025,358.66927352351934,362.2347412109375,4373706
2015-06-26,361.9800319332315,363.7203085249696,354.212386516528,354.806640625,2623558
2015-06-29,350.64696437056375,353.15129459986656,344.66208051097146,351.3685607910156,3194613
2015-06-30,354.46714333832966,358.244838720168,351.45347268315857,356.5894470214844,5214359
2015-07-01,359.68799404806697,363.7203738210855,356.8016657094789,360.3246765136719,3142082
2015-07-02,363.3383471267115,371.95490389278956,361.2160434957464,367.7102966308594,4975741
2015-07-03,368.38940949514506,371.6577643246712,367.15847290314883,369.36566162109375,3975749
2015-07-06,365.46062918723493,371.9973389324158,364.8239467591522,367.6678466796875,2229083
2015-07-07,367.5829110167898,370.2145833061094,365.58794986343196,366.6066589355469,1311090
2015-07-08,364.1023834081739,367.58293705264754,359.2635221592478,365.2908630371094,3088205
2015-07-09,367.0311646812965,375.98729136145,365.2908877413665,368.3470153808594,6238280
2015-07-10,370.1296795550257,370.1296795550257,354.5519602981266,355.9526672363281,5725932
2015-07-13,358.24482413509395,362.40454608362677,356.16497753354093,359.68798828125,2771223
2015-07-14,359.6879913948645,361.2160407992156,357.3959172883379,358.49951171875,1532422
2015-07-15,358.2448183710452,362.31962626362133,357.01388172982695,359.0513000488281,2387269
2015-07-16,361.13115878496495,361.9800974858662,356.0376415612659,360.4944763183594,2347739
2015-07-17,360.7915262257572,365.0361327548299,358.3721102776293,361.51312255859375,3436416
2015-07-20,360.87646494994215,367.15849044305196,360.87646494994215,364.56927490234375,2266929
2015-07-21,373.52537393541735,384.0944340652845,368.34697197714087,377.9822082519531,6657689
2015-07-22,375.6476959746766,380.95346917111976,371.7002016363765,373.01605224609375,3125401
2015-07-23,374.3742952315267,374.5016087100308,365.7152827132879,367.4980163574219,2619973
2015-07-24,367.9649886463874,372.59159398423566,365.1635454965425,368.3470153808594,2156436
2015-07-27,366.73397856474134,368.2620277060441,353.5757041652222,354.806640625,2565851
2015-07-28,355.6981055993007,360.7916233065687,347.29377551142153,348.05780029296875,3535491
2015-07-29,348.9066878029013,356.5045349927601,343.0491174294215,354.552001953125,3834817
2015-07-30,354.55204845256986,361.59809937507316,350.2649838491274,353.9577941894531,3646699
2015-07-31,355.4858615423515,361.76785875677257,351.4534815678765,355.5282897949219,3222836
2015-08-03,356.54695430966456,359.09371272525874,354.3822225918507,355.6131591796875,1546763
2015-08-04,358.92389760187996,361.6404549048506,347.378557809676,350.81671142578125,5116932
2015-08-05,361.6405562586291,363.0837205439397,352.93908480204493,354.4671630859375,6127568
2015-08-06,356.5044544612372,358.2447308845017,351.45336689176867,352.3022766113281,4021215
2015-08-07,353.15134403007875,354.000254059619,348.1426828704162,349.41607666015625,4145596
2015-08-10,350.3498425294692,352.6843734685928,346.78437500459495,348.2275390625,2977050
2015-08-11,348.90664784004883,349.75555765413833,341.9030268921211,343.6857604980469,3210336
2015-08-12,342.964226750433,344.40739082405656,332.1829100731816,338.4649353027344,4155754
2015-08-13,345.73826621303544,354.06159843062244,321.9634327842278,328.4940490722656,7871377
2015-08-14,332.933130851989,338.7381389348834,327.2135122148043,337.286865234375,3612439
2015-08-17,338.0551978212408,340.31741110535785,329.73186591168366,333.1038818359375,1642969
2015-08-18,336.4331959043896,337.7990801343258,328.02450363352165,329.13427734375,1956234
2015-08-19,329.5184570873893,329.85992815934395,318.3353011606602,326.5732727050781,4410748
2015-08-20,332.93310944182076,334.64046465052303,318.762104569159,324.3963623046875,4434974
2015-08-21,319.1889504361912,319.1889504361912,306.0423592907029,315.4754638671875,6592108
2015-08-24,304.97525847569466,312.9998133196776,288.49934612829753,297.3348693847656,7423096
2015-08-25,299.25563970598404,313.72542053845496,283.8468063056138,297.3775634765625,8827955
2015-08-26,298.78612615041226,299.554428781252,287.2615288750588,289.5664367675781,7620596
2015-08-27,296.6518916975707,299.72513063386293,292.29815821760366,296.4811706542969,8545234
2015-08-28,304.67646593604474,311.46316262756943,300.0666216767706,309.45703125,6812371
2015-08-31,311.59123941359655,312.4449314651491,298.7861187977072,302.4569396972656,8370962
2015-09-01,299.6398480744323,302.71305890395837,292.93848170804307,294.8592529296875,4459476
2015-09-02,297.0787919735657,298.61539719467066,290.03595541301684,293.0238342285156,7030063
2015-09-03,293.0238382819692,297.03610136278854,293.0238382819692,296.0116882324219,3675760
2015-09-04,294.51778915527154,301.0484056896191,292.1701862497661,298.7861633300781,5305451
2015-09-07,298.70072178821147,298.70072178821147,292.8957437345988,296.3104248046875,2898337
2015-09-08,297.93249494145846,298.316631844893,289.5664678274388,296.8653869628906,3089268
2015-09-09,298.78614326623676,312.1888465251643,297.0788168360687,302.627685546875,6374276
2015-09-10,300.9203398128339,300.9203398128339,295.37147092496065,299.1703186035156,3357167
2015-09-11,300.3227690071947,302.1581506488624,295.62753473821755,297.6763610839844,3354447
2015-09-14,298.7007918691086,303.05452643078723,295.49952580817404,302.32891845703125,2811019
2015-09-15,302.20085006173997,302.20085006173997,297.932476228328,299.63983154296875,2361340
2015-09-16,300.0666945788799,309.1156353348389,300.0666945788799,306.8960876464844,2974270
2015-09-18,307.3655567153104,309.84121449272385,301.51788330681234,304.6764831542969,6783352
2015-09-21,302.20078672300923,306.4691596618063,299.98123973236443,300.7495422363281,2792725
2015-09-22,303.05450785279845,303.05450785279845,290.50549710050035,293.49334716796875,4558449
2015-09-23,290.24935011802717,292.8103971756958,287.04808465550457,288.4566345214844,4087837
2015-09-24,288.45666652192614,289.05424808919264,283.4626849088448,284.2309875488281,9967481
2015-09-28,283.5053312960443,286.3224600538529,276.07838701423253,279.663818359375,5295350
2015-09-29,277.4443032802516,278.9809376994719,269.41977570612033,275.43817138671875,7126332
2015-09-30,281.7126356687112,289.1823041068461,277.444261963028,288.41400146484375,7251836
2015-10-01,289.7372125019065,290.6335704686344,286.4932517131,289.7799072265625,5093796
2015-10-05,291.8713824671479,296.60928255925114,289.6091403201232,295.5848693847656,5969834
2015-10-06,297.93249863089943,299.2983829853176,295.03000883095183,297.804443359375,4610836
2015-10-07,297.80438302760876,297.88974355587135,290.54815999776764,292.5115966796875,3635620
2015-10-08,293.2372618595287,295.115338195229,287.6456986675066,291.5726013183594,4770259
2015-10-09,293.6640957086971,297.8471089077321,293.02384832017657,296.7373352050781,5548083
2015-10-12,297.078788745717,300.57883072171836,296.73731771069527,298.3592834472656,2441453
2015-10-13,299.72520797460356,300.2374001429642,292.68239944795295,294.9019470214844,2590061
2015-10-14,296.6092803102427,298.9141882555739,291.8713802540641,295.6275329589844,3464048
2015-10-15,297.0788369412089,301.6886533022932,293.6641260370183,299.853271484375,5514188
2015-10-16,296.39587351027774,300.87766318421734,291.1030864414396,298.48736572265625,4598180
2015-10-19,301.34717653093173,312.146167042174,295.3714759208241,310.48150634765625,4334115
2015-10-20,309.75585268178446,313.2985893625726,306.89602916187084,308.90216064453125,2588064
2015-10-21,310.78024122217516,319.10354280957023,310.6521859813883,317.1401062011719,4434717
2015-10-23,319.2743256022351,319.87190715190764,304.3350181114434,306.5545654296875,4452331
2015-10-26,311.5911985848115,311.80461434314066,296.09700640422125,300.6641845703125,7353435
2015-10-27,300.0239572108245,302.79842033333045,297.1641624587498,301.0483703613281,2855148
2015-10-28,300.74954600309155,307.1094107771319,299.6397724938697,305.87158203125,3806874
2015-10-29,304.3350487798115,306.426541054862,297.93248778141793,303.39599609375,4560952
2015-10-30,301.34717641574025,308.0912086420149,294.133646742254,297.9751892089844,3988476
2015-11-02,296.65194246833175,300.2373740544511,293.36531611864154,298.9141845703125,2857066
2015-11-03,299.68248827299294,302.03009091955244,295.2860593109849,296.7799987792969,1670964
2015-11-04,297.9324377945176,299.0422113792764,292.98112247397773,295.712890625,2412413
2015-11-05,293.10917763155754,295.37141951764823,285.2126783888591,287.30419921875,3467567
2015-11-06,284.27367888704225,292.08478935802145,270.7002264188188,289.5664367675781,3373067
2015-11-09,285.17004323017545,289.0542511931711,273.8161667684617,286.1944274902344,3630757
2015-11-10,283.97487900257397,286.57859217740196,279.6211447415584,283.1212158203125,2421896
2015-11-13,277.48699274846126,286.83473873820253,277.48699274846126,285.0420227050781,2780378
2015-11-16,286.5785516222679,289.6517906749822,282.1394574524999,286.6212463378906,2697681
2015-11-17,287.26149321036166,288.24321151086264,282.56628856653106,285.55413818359375,2173068
2015-11-18,286.8346443632346,292.08473546050493,283.80410021357477,285.0845947265625,2486993
2015-11-19,286.10908307070383,291.1030939251255,283.59075918775756,289.8652648925781,1983013
2015-11-20,289.01158833444606,293.9629047315821,285.12737994322214,291.4018859863281,2315668
2015-11-23,291.6152688367368,295.54217151052626,287.6457003476192,289.3957214355469,2146374
2015-11-24,289.82255133427464,295.115338195229,286.1090644779529,291.5726013183594,2882252
2015-11-26,291.9567530850801,295.07265853189836,290.2920924589599,292.0848083496094,8126680
2015-11-27,293.5786552514111,294.30426297959514,289.69441944313786,292.1274108886719,1460049
2015-11-30,292.81045600755886,293.66411926071726,284.44442893852914,285.4261474609375,7110699
2015-12-01,286.79201468027037,286.79201468027037,274.41372480971006,275.52349853515625,9058372
2015-12-02,277.7003458955199,277.91376166973635,270.1453176440282,275.6515197753906,6804758
2015-12-03,274.88327090416385,278.7248134032405,271.895420575094,272.7917785644531,4408535
2015-12-04,271.468574862433,275.3100882558719,270.7429380008844,274.2856750488281,2941586
2015-12-07,274.2856451754225,276.59058186682734,272.02343210926404,273.2612609863281,2685214
2015-12-08,273.17586608540824,273.5600318284185,268.99288216219264,271.3404846191406,4590607
2015-12-09,270.82825338055585,271.04166914980505,263.0171437256332,265.36474609375,5188413
2015-12-10,267.9684750040621,268.4380012870943,263.3586305180334,266.9013671875,2341048
2015-12-11,268.907453362485,268.907453362485,262.50489426084556,264.25494384765625,2355955
2015-12-14,262.07811644895634,265.49282689846603,259.645153320167,261.3525085449219,3826300
2015-12-15,261.3524625008655,264.6390882098183,260.0292443683135,263.9561462402344,2623471
2015-12-16,265.4928401467847,274.840585175697,264.25501116036605,273.4747009277344,4587498
2015-12-17,274.02959714075394,276.8467262717096,273.2185997275554,275.2247314453125,4000133
2015-12-18,275.13933270329727,276.0783852520318,271.46854085107645,272.3648986816406,4544383
2015-12-21,272.70644570061154,275.950406900602,270.6149242422179,273.94427490234375,3305363
2015-12-22,274.02954718156997,279.4076939311475,273.3466051587942,275.9076232910156,3705221
2015-12-23,278.2979670488443,284.14564103319054,276.761332786676,283.7187805175781,3980119
2015-12-24,283.63345131776435,290.0360128828549,280.5602402666063,288.9262390136719,2858615
2015-12-28,287.90177875392766,288.542055040512,281.7126340261361,283.2065734863281,3336594
2015-12-29,284.1882958791855,287.04811958212224,282.1394984526886,286.1944274902344,2788729
2015-12-30,289.39577769533304,289.6945540862293,283.4627422627236,284.3591003417969,1726114
2015-12-31,285.1273429551955,291.7433192331727,283.80415348087575,290.5908508300781,3275719
2016-01-01,290.206743178551,293.6641198294723,288.2432772235502,290.67626953125,1387248
2016-01-04,288.542056560198,289.353025016845,274.029580187783,278.98089599609375,3498169
2016-01-05,279.1516078839028,280.6455473028062,274.02957117105933,276.1210632324219,2351113
2016-01-06,278.2126163839283,283.8468458572753,272.8771343599923,275.05401611328125,2678635
2016-01-07,273.944208452042,278.12719254139887,270.273387560955,275.1820373535156,3135368
2016-01-08,276.84669016169505,277.4015769706909,271.895374692885,276.4625244140625,1999282
2016-01-11,274.02953753537787,276.59055557744813,268.65139097511803,274.1575927734375,2795794
2016-01-12,274.8832198333445,277.8284037958735,267.71235725075314,269.24896240234375,3262399
2016-01-13,274.0295737157879,275.35276317314924,257.85243718431286,263.4440002441406,5044083
2016-01-14,261.9926913861734,266.3464244572012,256.52918491898396,263.5719909667969,3633282
2016-01-15,266.0903801875625,266.0903801875625,258.74879606302,261.309814453125,3572695
2016-01-18,262.7610837799072,263.52938647825613,250.85231968954633,256.31585693359375,4574694
2016-01-19,257.639039597566,266.6879795553149,254.7365499678424,264.895263671875,3707778
2016-01-20,263.3586751557631,267.9258256969384,258.49271934398854,264.2976989746094,5629713
2016-01-21,267.2001955569882,267.541666619107,259.21833477304386,264.0415954589844,3422136
2016-01-22,265.57820415864086,265.6635646986599,248.88887443825308,254.9926300048828,5904068
2016-01-25,255.97437651748157,256.9134002672594,249.7425368024328,253.9682159423828,3479687
2016-01-27,253.96822418292018,255.6755795647967,249.10229747754815,254.22433471679688,5644966
2016-01-28,251.23644565846635,252.55963503507505,246.15707502211617,248.7607879638672,7080505
2016-01-29,247.05343882249434,253.797470022217,240.99234968651905,247.4802703857422,7373584
2016-02-01,249.44375270048323,254.395068540053,248.59006061061115,253.1999053955078,4425387
2016-02-02,253.1998446145863,259.5170431563973,252.4315421525986,257.9804382324219,4808715
2016-02-03,256.7000043901129,257.639057119161,252.81579601396143,255.93170166015625,5232930
2016-02-04,259.34639290251204,261.05371932560615,257.4682875869007,259.73052978515625,3411138
2016-02-05,257.8950777154918,263.3586138911098,257.85241190560436,262.24884033203125,2647351
2016-02-08,263.23055603956584,267.6269844224155,260.88295370226507,265.4927978515625,2753109
2016-02-09,263.78553223035465,268.01121208862173,262.0781766136461,266.5599670410156,3145945
2016-02-10,265.4928502583042,268.86486628399575,263.35866326617514,265.7489318847656,10180024
2016-02-11,260.3707881617487,269.3343967924778,259.9012907194485,263.5293884277344,6520711
2016-02-12,266.7733518199749,281.7126611406508,262.50497772835314,277.0601501464844,4049410
2016-02-15,280.47482000549803,281.6272884762977,270.1453563045654,272.23687744140625,5615585
2016-02-16,275.1820279724353,277.3588804759488,267.8404153469177,269.1636047363281,2910959
2016-02-17,267.6270464442047,274.54179981743744,263.4440328584016,272.7917785644531,3974587
2016-02-18,275.7369823512783,275.82234290233214,269.8039181913215,274.2003479003906,2569038
2016-02-19,273.6027358036151,279.9626013396517,270.40144122267805,278.3406066894531,5961801
2016-02-22,277.017433243841,285.8956517999021,274.8832463688877,280.9443359375,3455165
2016-02-23,284.2736965909098,284.2736965909098,271.5539354030916,274.2856750488281,5437598
2016-02-24,271.5965366913659,277.9137355140368,271.169705183104,276.5478515625,2523354
2016-02-25,277.4016096188773,277.8284412288973,271.46857508301065,275.352783203125,9556967
2016-02-26,277.3161812712006,277.3161812712006,270.61484499605285,271.42584228515625,7064596
2016-02-29,270.6148452375185,275.18202376601073,267.2428297381533,269.3343505859375,3988625
2016-03-01,269.37700905536775,275.1393215495606,264.8525253677922,273.7734375,4830530
2016-03-02,274.8832236156573,279.79184434982926,274.0295604988889,278.5967102050781,3289694
2016-03-03,280.3467993451697,285.9383629187889,276.590617511049,284.61517333984375,3265002
2016-03-04,283.41999033787704,287.3895877040062,279.23697717754914,281.0723876953125,2167900
2016-03-08,281.2857784370177,285.12732020320806,278.9381760035405,282.9931335449219,2393678
2016-03-09,280.9016554553977,286.7066342021374,280.2613791918767,285.6395263671875,3430173
2016-03-10,283.4626621626456,289.13958542381243,282.5663043368626,287.09075927734375,1837525
2016-03-11,285.98105359596553,289.22501464513664,285.1273902853775,287.9018249511719,3018179
2016-03-14,286.10905387923816,291.9567273706259,283.24925921335847,290.8896484375,2633043
2016-03-15,290.24940901193685,294.0909514715438,286.8347270861384,292.7250671386719,2309456
2016-03-16,291.31650535135515,294.3470502539781,286.3224945720566,288.9689025878906,4361912
2016-03-17,291.3591458242488,300.237363954643,288.5847116917436,290.8896484375,7155690
2016-03-18,295.2006606174825,297.29218138404985,290.29204016427866,293.920166015625,3951904
2016-03-21,294.51773131137406,303.05447798435233,292.9811261602784,301.90203857421875,2813415
2016-03-22,302.9691848684986,304.5057903615027,294.2190204723439,299.5544738769531,4425316
2016-03-23,300.49346832598826,308.5180231460449,300.49346832598826,305.7862548828125,5116641
2016-03-28,306.3838311480804,308.17654681340287,296.09703452523445,298.6153869628906,4630593
2016-03-29,296.22512471460465,305.4021199022781,295.41412731644675,302.627685546875,4073263
2016-03-30,303.0544728666764,306.682598813337,299.72515212673255,302.0300598144531,4229163
2016-03-31,301.7740226265456,304.4630964443429,295.8409881193285,299.4690856933594,7926944
2016-04-01,298.9568785827152,298.9568785827152,283.5907391205872,286.36517333984375,4517171
2016-04-04,286.4505747244732,299.55447395863445,286.4505747244732,297.50567626953125,3434762
2016-04-05,295.79831212498397,295.79831212498397,280.90169728190324,282.1395263671875,5289842
2016-04-06,284.6577804078375,289.86520601288584,283.0358148121891,285.55413818359375,3037097
2016-04-07,286.92004228426975,287.09076334570653,281.0723689748416,282.77972412109375,2415746
2016-04-08,283.37731325733864,288.0298236361182,277.9564713623339,285.6395263671875,2319546
2016-04-11,291.4871981901593,298.7861163021252,291.10306134059016,297.2922058105469,4524262
2016-04-12,297.2494959114083,300.92028768647225,293.792119909957,298.8714904785156,3089585
2016-04-13,299.68252148597446,311.1644543816355,298.4446923965031,299.853271484375,6614377
2016-04-18,303.0972124389154,309.88391016798727,300.66424914631716,306.8106994628906,2828391
2016-04-20,310.73760998372927,311.03638633568244,302.28622252272856,304.4631042480469,3250868
2016-04-21,305.4875018032211,306.46922025759494,299.6398279864714,304.97528076171875,2218219
2016-04-22,299.63980991041325,305.572843907371,298.5727020759105,301.4325256347656,1460160
2016-04-25,302.45700553029525,310.73764390382155,302.45700553029525,306.42657470703125,3431082
2016-04-26,305.1460135341143,310.5668265417518,303.39596361618976,307.6643371582031,2605766
2016-04-27,311.59126130550794,325.5915459959333,309.1582980457212,318.4633483886719,8618572
2016-04-28,327.3415766465526,328.66476621556194,316.28647594268017,318.1645812988281,10016684
2016-04-29,317.43889491436573,318.07917114335567,307.7496800148699,310.3960876464844,5411248
2016-05-02,309.88388836571795,311.1644120070021,304.2496595006506,305.4447937011719,1745061
2016-05-03,305.6155267781351,316.2864312711794,305.6155267781351,314.4510498046875,4349238
2016-05-04,312.40227238476126,315.21940155415035,306.72534822768347,308.56072998046875,1883272
2016-05-05,309.45704971152344,312.4449285040744,300.1946948299211,302.54229736328125,2375047
2016-05-06,304.7618496870476,311.12171532013247,302.5423023688035,306.5545654296875,3196077
2016-05-09,307.536336802351,314.0669535342833,305.78631547841354,313.1279296875,2070741
2016-05-10,313.7254003760568,315.26203437989784,307.6216457961165,314.87786865234375,2932396
2016-05-11,311.16441586539787,322.21951575621944,304.76185539234234,306.38385009765625,5316307
2016-05-12,309.88390324504746,310.3534295662756,303.6520925273049,309.1156005859375,3224321
2016-05-13,309.0302362957073,309.0302362957073,301.34715198512447,302.9691467285156,4006032
2016-05-16,303.05448211756453,304.03622938906506,292.68235384664393,301.7312927246094,2996171
2016-05-17,303.9081995516011,306.46921802128725,297.59099946169727,299.810546875,2749594
2016-05-18,298.7861634869222,301.0057400278371,296.43856058018446,299.853271484375,2421651
2016-05-19,299.85327983589303,301.1764695082271,293.15194201945303,294.3470764160156,2741126
2016-05-20,295.2860167834852,295.79823774176594,289.6517885870191,291.91400146484375,4199413
2016-05-23,295.968985566925,297.71903545754714,291.52989102754646,295.2433776855469,1842701
2016-05-24,295.2860603742723,296.1824471835903,291.7860182057513,294.64581298828125,2293594
2016-05-25,296.310465404702,300.92031005137375,296.225104870188,300.1947021484375,2157455
2016-05-26,300.493509843446,303.90822064427743,296.8653832308603,301.2191467285156,5273432
2016-05-27,301.30451639206046,305.27411420488426,298.4020265766895,299.853271484375,3075870
2016-05-30,301.43251613758645,304.9325869430406,300.7068793642218,303.8227844238281,2845695
2016-05-31,304.676498005428,304.76185854175344,296.3531664138046,299.9812927246094,24281872
2016-06-01,301.8167147074657,311.0364054297439,300.74963559471166,310.0973815917969,3081625
2016-06-02,308.47540344193334,314.1523282248006,307.152213707549,312.61572265625,2604662
2016-06-03,311.59120307374826,312.18878454950334,303.3532621831658,305.7435302734375,3677399
2016-06-06,304.7618944442664,306.5119446301843,296.3958960521121,297.7190856933594,5264582
2016-06-07,297.7190757944464,300.57887080099937,296.48124674073716,298.060546875,4463323
2016-06-08,303.5667229696135,305.82896506367837,300.15201246793475,301.0483703613281,2654000
2016-06-09,303.4813693003977,304.2497009336271,298.61544239490365,299.853271484375,1549979
2016-06-10,298.5300853492734,301.81671211341404,296.73736933014857,299.7252197265625,2180603
2016-06-13,297.33486322203584,299.21296832286987,291.57257939029984,292.2981872558594,2180335
2016-06-14,292.9811229446958,294.0908965312376,287.9871128988816,292.5115966796875,3358585
2016-06-15,297.0787604600025,301.21907829894394,296.2250685005419,300.4080810546875,3259569
2016-06-16,300.10937817404135,300.45082035369273,291.3165193884767,295.7983093261719,2614007
2016-06-17,297.07881571206326,306.3838661280695,294.04827084104903,304.7618713378906,5592177
2016-06-20,303.90817496521896,312.44492177779676,302.0300698538606,311.1643981933594,3205939
2016-06-21,309.2436545854092,311.3351756611886,307.4509387526722,309.20098876953125,1615514
2016-06-22,310.69487730847897,313.29859033465755,308.04849846945046,309.92657470703125,2399688
2016-06-23,311.3351716895162,312.2315295944499,309.03023484461283,311.4205322265625,1405739
2016-06-24,304.7619310696639,307.3229501135529,297.67642674086,303.78021240234375,2445195
2016-06-27,302.2008465292173,305.5728623963238,298.57272014131354,299.76788330078125,2697253
2016-06-28,300.7922709730665,306.0423921768908,300.32277355480073,304.84722900390625,3541398
2016-06-29,306.0423842438216,307.57898953339395,302.4142579089314,304.07891845703125,2469054
2016-06-30,305.61559438131945,315.85966958568565,303.43871250188107,313.1279296875,4076692
2016-07-01,312.2741684067826,318.29259160975425,309.58509492451117,314.4510498046875,2907785
2016-07-04,316.329184802207,320.8963353181314,314.9206346285342,318.719482421875,1855655
2016-07-05,319.27427739527934,319.27427739527934,310.3960605564397,312.3594970703125,1559936
2016-07-07,311.59122814251936,316.96937513788583,309.58509669882335,310.18267822265625,2606039
2016-07-08,307.963184761419,309.243679656398,301.34717884516726,303.09722900390625,1746867
2016-07-11,312.35958688161884,312.35958688161884,305.65824929179956,307.1948547363281,2437511
2016-07-12,309.37168154516604,311.16439721390935,307.322855379066,310.1399841308594,1333227
2016-07-13,312.3595828563649,312.40227758175564,306.5546033350574,310.48150634765625,1609500
2016-07-14,310.3960953224138,313.89616613740174,308.902155959661,313.2558898925781,1097465
2016-07-15,311.9327693854959,324.3537554952685,311.9327693854959,323.4573974609375,2814751
2016-07-18,324.1402843224208,324.3963659268021,308.2192293431778,309.5851135253906,3592796
2016-07-19,306.51192367058195,314.3230346175528,305.27409466035994,310.99371337890625,3552577
2016-07-20,310.9083144306968,313.2559171153921,308.47535120806583,310.2253723144531,2845114
2016-07-21,312.35951122033106,315.60350022737674,309.45702212532956,314.0242004394531,2198453
2016-07-22,314.15229900787824,315.68893333990235,310.82297761685874,313.597412109375,2559958
2016-07-25,310.7375645694008,318.2498982457905,309.9692619863938,317.5242614746094,1850765
2016-07-26,315.8596226397918,318.3779752455011,313.17054896236255,315.7315673828125,1862583
2016-07-27,316.45719905700815,322.0487621137701,314.49373332588874,318.0364990234375,2593217
2016-07-28,325.9330781756613,325.9330781756613,310.3961852400554,317.481689453125,8216550
2016-07-29,317.48159806540275,317.48159806540275,307.70702237784644,309.0729064941406,4178023
2016-08-01,310.268083520122,313.2986284820637,309.1156150244366,310.73760986328125,1775282
2016-08-02,308.9448646747291,311.42052251653456,303.6093832268195,305.4447937011719,3557285
2016-08-03,306.5972665190935,307.6643454802716,301.56059022830016,306.3411560058594,2491473
2016-08-04,307.15215312091675,314.7925425399628,301.38984001590825,312.6583557128906,3301158
2016-08-05,313.46937847338563,317.1401708634277,306.9387622063429,310.73760986328125,4259304
2016-08-08,309.8838602851881,311.50585482341035,298.18854313015964,300.10931396484375,5372323
2016-08-09,301.261773425429,303.09718385582863,294.30432636530685,298.31658935546875,5734542
2016-08-10,299.63979062287586,301.6885878142726,294.5177253784449,295.75555419921875,1704178
2016-08-11,296.7497522798554,297.17826599462614,293.10732766370825,296.83544921875,2758046
2016-08-12,295.03566752333404,299.10660584214907,294.90710760522546,298.0781555175781,2615030
2016-08-16,298.6781282004233,301.1206798785837,291.1361872630167,293.4930419921875,4152972
2016-08-17,294.3929197531664,299.53514275397725,294.3929197531664,296.23553466796875,3575486
2016-08-18,298.59239141512006,303.30612972301526,297.26398718284685,302.663330078125,2093475
2016-08-19,303.3918077595314,304.2488352055695,297.64964841830084,301.16351318359375,1895295
2016-08-22,300.8207043839255,302.5347593214872,296.6212059422417,300.13507080078125,983587
2016-08-23,298.24958540817715,304.59165236128655,295.4213542043683,303.17755126953125,2546554
2016-08-24,303.391799763296,307.1199212918396,299.96363202890046,302.19195556640625,1809971
2016-08-25,301.0349439362581,303.39179836014335,294.9071050219782,296.5354919433594,3583163
2016-08-26,297.8209909552991,298.3352305505061,292.72163209802056,294.77850341796875,1250748
2016-08-29,294.39294315824276,298.03533931493973,287.3223496946208,293.6216125488281,2828305
2016-08-30,293.7501073888003,294.90711767097076,281.7515778998684,284.40838623046875,4487274
2016-08-31,284.75117962158026,288.73642081034785,281.83725168539803,284.2369689941406,7103241
2016-09-01,282.82283620192345,284.83687375505843,258.3972367226683,266.4105529785156,39290697
2016-09-02,264.0965629515118,275.06667135149956,262.682461812365,273.30975341796875,17010250
2016-09-06,273.30979097792743,276.65223341728625,267.95328145708993,275.5380859375,7841855
2016-09-07,272.96697167730474,276.30941408655195,270.91007064685897,274.3810729980469,3788590
2016-09-08,274.38104313348873,280.42318562523815,273.3954557129551,278.0234680175781,3819474
2016-09-09,277.2521193292206,280.0374875181741,272.8383641865418,276.05224609375,3280689
2016-09-12,272.45270837970895,275.9237394514312,269.19596320625027,272.5812683105469,3494956
2016-09-14,271.7670786702563,277.0378908089053,271.7670786702563,274.12396240234375,2224288
2016-09-15,273.43834287143954,278.537703335659,271.595698775105,276.5665283203125,2301243
2016-09-16,276.0522289769164,279.82321330839034,275.19520159354767,277.3377990722656,3584872
2016-09-19,276.8235862967044,278.53764105013187,275.15233647963925,277.8091735839844,1697274
2016-09-20,277.68063486701,277.68063486701,272.281292332906,273.56683349609375,3040194
2016-09-21,274.5952446343196,276.8235679022395,273.2239777064594,275.83795166015625,1845538
2016-09-22,277.3378114441553,281.06593296465184,276.5236179814566,280.2517395019531,1642721
2016-09-23,279.3946993965293,282.8228379475989,277.6806156108465,280.2088928222656,2369838
2016-09-26,279.3946977271553,281.70868905877904,273.481115956957,274.55242919921875,2391218
2016-09-27,275.8808749960311,275.8808749960311,269.15312780703977,269.7958984375,2490305
2016-09-28,268.72452971469767,277.209222175414,266.6247953419224,275.75225830078125,3263576
2016-09-29,276.3950869492542,277.4235373748328,269.1959629905046,270.5672302246094,6941546
2016-09-30,270.61011782863903,271.25288852049283,264.0537639067604,269.11029052734375,6355157
2016-10-03,269.1102304616971,274.252452889385,269.1102304616971,273.1383056640625,1672721
2016-10-04,272.1098980420789,278.4091316608383,270.9100536928917,277.6806640625,2908344
2016-10-05,275.96653144366473,279.5232589215767,274.76668730549346,275.70941162109375,1439691
2016-10-06,278.49482081462213,278.75191162812536,273.48112915699903,276.2236633300781,1741337
2016-10-07,276.4807684625731,278.0662923195403,271.8527568017359,273.7810974121094,1477152
2016-10-10,272.6240946280294,274.16675555000523,269.96725746207494,270.7386169433594,2687189
2016-10-13,268.2103122484035,269.0245056040333,261.8253833443454,262.89666748046875,3440146
2016-10-14,263.8822518101749,263.8822518101749,259.1685436220831,261.7396545410156,5431236
2016-10-17,261.739634435,262.12531410234516,253.89774238160146,258.2257995605469,3779712
2016-10-18,258.82573323597273,263.96798422004724,254.58340156686845,262.81097412109375,5102965
2016-10-19,262.81096492152005,265.2106819634205,260.539807777258,263.0680847167969,5073975
2016-10-20,263.1966522439429,266.1106092821619,261.39687146697355,264.9107360839844,5290430
2016-10-21,266.8819339750971,266.8819339750971,261.91110545678123,265.4678039550781,2362713
2016-10-24,262.55385431681657,263.96798422004724,260.23986313920346,262.81097412109375,2185144
2016-10-25,260.1113356471363,267.73897261522217,258.5686456495466,267.2247619628906,4024793
2016-10-26,269.9672298335572,276.7378384386401,269.7958359798988,272.28125,6538988
2016-10-27,269.5815888176122,279.0947025643443,268.767395432811,276.9092712402344,5615716
2016-10-28,276.7807100152772,276.7807100152772,272.7526351058733,273.266845703125,1566275
2016-11-01,272.5384238406076,274.85241544558284,271.0385967323852,272.0670471191406,2398681
2016-11-02,270.3958498675813,270.4815468189281,264.52512986534657,265.33929443359375,2221637
2016-11-03,264.8250590267519,270.2672647448038,261.6540109397074,264.7821960449219,2989059
2016-11-04,265.467825704432,266.1534592817723,260.5827227412556,262.8538513183594,2376146
2016-11-07,267.31044444371105,267.31044444371105,260.2827154467334,261.9111022949219,1847168
2016-11-08,262.76818251450965,262.896742451565,257.96877597948696,261.31121826171875,1527704
2016-11-09,246.82721862808555,261.3968579651355,242.58487222572262,257.9687194824219,5669889
2016-11-10,261.39690171413304,269.195962323556,259.89710357330966,264.5251159667969,3190980
2016-11-11,260.53984847476613,263.92515323363733,255.6975796822299,258.3115539550781,1886129
2016-11-15,259.68282583788795,261.31118377833525,251.96946279485942,259.3828430175781,3114405
2016-11-16,261.43970224179486,266.8390439076192,259.9398754389681,265.382080078125,2746958
2016-11-17,266.88192730176235,270.48148868773694,252.95502939912143,254.6691131591797,4236589
2016-11-18,255.74041309641262,260.92549806334233,253.040742197282,260.3255615234375,3641254
2016-11-21,260.88269573648967,261.8682831937937,254.9262789880163,256.6831970214844,1826207
2016-11-22,257.96873051096856,261.7825488834279,252.82647903661606,260.4969787597656,3327374
2016-11-23,261.78256725806807,264.1822847812032,256.38322459623805,257.58306884765625,1970256
2016-11-24,257.9687652901777,261.1398135384732,255.74047052768913,259.1686096191406,4795418
2016-11-25,259.5970772811296,262.2539143510355,255.95468195701483,257.9687194824219,2099139
2016-11-28,257.9687546251583,275.2809303230299,257.9687546251583,273.2240295410156,4886483
2016-11-29,274.9381166805569,279.3947350927213,271.50997769149944,278.40911865234375,4516337
2016-11-30,278.53767152858484,280.0803616038897,277.50922115181464,278.1948547363281,4993485
2016-12-01,277.68069935217164,278.3663330732142,268.72462700874394,272.7098693847656,7124295
2016-12-02,269.9672915682315,275.3666344975661,269.36738392295,273.0526428222656,1836012
2016-12-05,272.1098560548253,281.66586247027817,272.1098560548253,280.0374755859375,2481220
2016-12-06,280.1660289527521,284.4940868702804,278.3233852614744,281.8372497558594,3142493
2016-12-07,282.56573771475473,287.0651893643245,278.6233596494033,281.2373046875,2899591
2016-12-08,283.5085381187498,286.25107282065113,281.4516661126267,284.92266845703125,2061325
2016-12-09,286.3795392808457,289.2077700138999,282.05148174473254,284.5368957519531,2646396
2016-12-12,282.39428357065236,282.8227972002615,279.8660357437834,282.0943298339844,775144
2016-12-13,279.39467666919825,283.6370083009121,279.39467666919825,282.82281494140625,1063869
2016-12-14,281.19451365090913,282.60861480505423,275.53805099372966,276.4808044433594,1481398
2016-12-15,274.9380792970821,276.2665123577676,272.1098483289934,272.9240417480469,3073256
2016-12-16,273.39546931922627,273.9096800363089,264.3537011331383,265.8963623046875,4401700
2016-12-19,266.0248469769092,266.9676002151942,260.62550538373466,261.82537841796875,4126010
2016-12-20,262.2539099346406,262.89668044801965,256.3403283466094,259.297119140625,3596096
2016-12-21,260.6255345907169,262.55387523584903,257.11167006003825,258.5686340332031,2651665
2016-12-22,256.68317099367135,257.9258781904525,248.75558013445195,250.46963500976562,3156188
2016-12-23,253.1692916502122,254.6691185998419,249.52689623010602,253.2978515625,2047449
2016-12-26,252.3979742248848,254.54057182625257,247.42714546808776,253.7692413330078,2719536
2016-12-27,253.6835379684482,257.7973101683246,249.526902789917,256.76885986328125,2548216
2016-12-28,256.25468325920446,259.7685483464415,254.3692052929922,256.6831970214844,2899350
2016-12-29,258.311533307295,260.9255073711987,254.96906277464137,259.68280029296875,3551526
2016-12-30,258.22585647010595,263.196656149543,257.19740615081975,261.9539489746094,1955045
2017-01-02,259.76848437592076,267.3961203310867,259.76848437592076,266.5390930175781,1643255
2017-01-03,267.35333007208715,269.06738497923834,257.1116894881877,260.925537109375,3286354
2017-01-04,259.1686346596381,270.13874465686035,256.3832659374091,269.02459716796875,5776206
2017-01-05,268.38177805924835,276.82363861269846,265.72496947309753,275.19525146484375,4268281
2017-01-06,273.5240278110199,282.82288679645677,272.7955311936686,274.0382385253906,2656936
2017-01-09,274.76670193991146,275.4523354897545,270.995717415775,272.49554443359375,2635116
2017-01-10,273.3954423886434,275.1095263105766,271.72422144737044,274.33819580078125,1058176
2017-01-11,275.1952129200245,278.2377008846208,273.2240092287311,276.60931396484375,2609766
2017-01-12,277.209297819049,278.8376850163767,274.2525062882868,275.7951965332031,1680284
2017-01-13,276.3093669395252,278.53766149880653,270.8243274812255,274.42388916015625,2614161
2017-01-16,274.2524871331288,277.1664444943112,271.93849545782837,273.0526428222656,1871694
2017-01-17,273.3097968293042,274.08112748410815,271.7671064993926,272.96697998046875,2050997
2017-01-18,272.5384625669441,273.224067235236,266.75343920203454,269.02459716796875,3670155
2017-01-19,269.1102207548556,276.4807663876285,266.539109633752,271.76702880859375,2526854
2017-01-20,269.1531099668672,280.680262669119,269.1531099668672,274.7238464355469,3784887
2017-01-23,275.1095249174206,275.96655236389796,270.31008996031204,273.9525146484375,1985278
2017-01-24,272.5384082999792,273.3954357299232,269.6673141731312,271.2528381347656,2393587
2017-01-25,261.3968455235821,269.710144067622,261.3968455235821,266.83905029296875,14931206
2017-01-27,265.939159116952,281.1087632703623,265.939159116952,277.4663391113281,3540993
2017-01-30,276.90932092198983,317.0616045679422,276.0522644083215,296.23553466796875,23241046
2017-01-31,299.1494865626204,302.53476251218706,294.00723463480546,298.4209899902344,11732135
2017-02-01,296.5355518287739,299.877994264135,291.5218591554292,295.76422119140625,4103983
2017-02-02,295.67844366997167,308.36263555860165,295.035673087604,302.7918701171875,6964972
2017-02-03,302.7918842076993,310.24812778321603,301.8491597804163,303.22039794921875,2662623
2017-02-06,303.39181989763927,305.9200683767808,302.2348095829596,304.4631042480469,1504449
2017-02-07,303.56322056067137,307.50559929469824,300.64929223816887,302.663330078125,4062008
2017-02-08,304.2487785866297,304.97727499643173,297.3067763087527,301.8490905761719,4888372
2017-02-09,301.7205988988238,305.9629313589169,300.6492855281169,304.4631042480469,2043938
2017-02-10,305.9629189511137,308.8768470904122,304.29169802007175,306.4342956542969,2203893
2017-02-13,302.9204146933915,308.5340138104297,302.83471775747637,306.86279296875,3669035
2017-02-14,306.3914311134157,317.0187222899182,304.24883349010304,316.20452880859375,4739203
2017-02-15,317.01870268517354,319.2469971107473,308.61973561174307,313.0763244628906,3974478
2017-02-16,309.6481743696644,316.1616931652796,308.7911469330218,313.4191589355469,4049974
2017-02-17,314.5333360229101,318.989954568626,310.50526025643074,316.6759338378906,2551827
2017-02-20,317.232987449257,324.81779077948516,317.232987449257,321.6896057128906,3876138
2017-02-21,318.9042147931364,323.8750438302955,308.1055292380525,310.97662353515625,7028108
2017-02-22,311.0194406932093,319.2470143411763,307.7626958138367,309.3910827636719,7531248
2017-02-23,317.9614717835554,343.6726429473026,311.705072870634,313.8905334472656,39500561
2017-02-27,314.5332921739719,314.9189719154273,302.1490837535149,304.8487548828125,10077345
2017-02-28,305.9629179014353,319.7612570658141,305.44870723991653,312.9477844238281,13488220
2017-03-01,315.8616977232139,316.11881755205036,309.776721909396,310.890869140625,3826413
2017-03-02,311.9621895175293,313.6762733816421,301.8491382497097,305.8343505859375,4657721
2017-03-03,305.8343741862439,309.81961585029796,302.79188597527565,305.2344665527344,4021692
2017-03-06,308.53407075609215,311.9622390283951,306.13438198578206,309.81964111328125,3302817
2017-03-07,309.391048675524,310.6337557307534,305.40580769970717,309.47674560546875,3171320
2017-03-08,308.70545843792564,312.0479003566201,307.2484943436,309.13397216796875,3024515
2017-03-09,308.4054310344491,310.16237770209887,305.6629261463895,308.7054138183594,1304223
2017-03-10,309.2625791727807,314.10484890410555,308.491248537217,312.73358154296875,2319807
2017-03-14,313.6762434162947,316.93298793684505,307.33414823508343,309.47674560546875,5921380
2017-03-15,308.53401616042294,313.80482757394657,305.2772713881732,311.27655029296875,7389777
2017-03-16,311.9621890664781,313.3334561557857,307.7626908605479,309.0910949707031,2670827
2017-03-17,309.5196556051613,311.1051506210499,294.8214255443512,297.26397705078125,6378625
2017-03-20,296.5355042019758,301.9348468166602,290.7504818204003,299.4494323730469,4737850
2017-03-21,299.1066296553154,301.50634727036606,295.7213246166956,299.8779602050781,2511084
2017-03-22,297.39249475638877,298.6780647995469,279.2232653920524,289.8505554199219,8955493
2017-03-23,290.36481788909776,292.8502324682578,287.5794494884184,290.10772705078125,4762081
2017-03-24,292.593169006626,297.992512420967,289.85063431224216,291.82183837890625,5308761
2017-03-27,291.39326110226983,292.97878515739,287.2366255854222,290.27911376953125,3212610
2017-03-28,292.164572157027,294.3928956942175,290.19339747525163,292.0360412597656,2316105
2017-03-29,293.53585844745805,296.87832946168834,292.4217111161478,295.5498962402344,9825597
2017-03-30,295.54989030565946,302.020546314047,293.2787617268533,300.9920959472656,4345156
2017-03-31,299.963667777319,301.93487171459066,295.6784721087816,300.00653076171875,5787371
2017-04-03,296.53550536070406,296.53550536070406,288.17937156143137,292.9359436035156,7333921
2017-04-05,293.9215043989922,297.6067627646109,290.6218967465905,295.2499084472656,4693744
2017-04-06,293.96439396561215,293.96439396561215,289.33638184632724,292.9359436035156,2412374
2017-04-07,294.8642825527395,300.34932209583496,292.8930787826952,295.4213562011719,6347228
2017-04-10,298.50667592403954,298.5923728646008,293.15019634463374,296.27838134765625,1532435
2017-04-11,293.964397572782,304.89164290123233,293.83583764840506,300.13507080078125,2327556
2017-04-12,297.39257705550847,303.3061602621221,295.97847573496773,300.6493225097656,2529238
2017-04-13,299.9636473133443,302.9633014888601,290.750485960615,291.6075134277344,6554985
2017-04-17,293.7929553930387,294.2214690993172,290.02197093313464,292.50738525390625,2089233
2017-04-18,291.3932268792916,294.26432083822664,288.22217914147825,290.3647766113281,6170878
2017-04-19,290.87905661718196,292.8930944554628,285.17973088559575,291.3504333496094,2779410
2017-04-20,293.10735144600284,294.650012552466,289.72204639215863,293.7501220703125,2097176
2017-04-21,293.10733518066405,296.5355030273437,291.6503711008998,293.79296875,1500170
2017-04-24,294.82146630233177,296.9212013068857,290.23631646611665,295.3785400390625,1487606
2017-04-25,293.96435361770403,308.3625986702349,292.5930866564545,303.3489074707031,4747068
2017-04-26,303.3489446137053,308.5340303081242,301.6777236826634,306.4342956542969,3272330
2017-04-27,303.6060678935723,310.20525475197275,303.17755416593434,306.7342529296875,4978376
2017-04-28,304.5059437717427,306.7342382651673,300.392171554674,304.6773376464844,2985691
2017-05-02,304.6773182682693,305.0629979923536,297.1353788330814,297.90673828125,2436068
2017-05-03,298.33527624074543,299.963634160934,294.69285162459835,296.83544921875,2616848
2017-05-04,297.135399528881,301.16350385324057,294.5642882501242,296.5354919433594,1345900
2017-05-05,296.9211363575926,299.106596859208,294.092905305036,295.46417236328125,1708526
2017-05-08,295.46421979609875,304.46312503511575,295.07856901174165,301.07781982421875,2955948
2017-05-09,299.9636385862888,300.8206950487722,294.47859911164716,295.8927001953125,3126657
2017-05-10,288.3936222160673,326.0176259728611,288.3936222160673,319.4612731933594,27085852
2017-05-11,317.10443904819954,317.83293563499217,310.6338118139823,313.6763000488281,8059693
2017-05-12,310.4623876747526,317.3615576493626,309.81961705621933,312.90496826171875,4070508
2017-05-15,313.6762832741139,317.06158812988826,309.73390477247153,312.09075927734375,4132180
2017-05-16,313.59053366088324,323.66075052784123,313.2048829460685,320.83251953125,6500818
2017-05-17,318.13285814659326,326.446128500811,318.13285814659326,322.20379638671875,5842838
2017-05-18,320.2754712965046,327.04608103369196,315.90457905384267,317.7472229003906,3683713
2017-05-19,319.67553005331195,325.2462954729723,315.518894733696,319.4612731933594,6026064
2017-05-22,320.5325630660291,324.47494123730223,318.30426866928696,319.28985595703125,3037325
2017-05-23,318.8614395885366,322.46100210353006,317.9615489597882,318.7328796386719,6451328
2017-05-24,315.39029431795484,319.67548900738836,313.3762568767622,315.6902770996094,7704006
2017-05-25,314.53329783947373,322.5466144359256,309.17681846243374,317.704345703125,15733429
2017-05-26,316.24741012371044,326.0605083878182,315.81889637826373,320.1897888183594,3171630
2017-05-29,321.1325281275882,324.7320898632468,315.30464277723274,319.7612609863281,2214859
2017-05-30,321.21821033636826,322.932294184328,316.5473354782151,317.704345703125,2172819
2017-05-31,320.53256531137094,323.01797954677716,315.4331769290312,318.4328308105469,17087943
2017-06-01,317.1044402964159,320.0183686144566,313.5477413547691,314.4476318359375,2467620
2017-06-02,317.7901284150166,326.83189776070367,316.9331007698654,319.889892578125,5747881
2017-06-05,319.8469494704699,323.7893278872026,318.26142550784823,319.16131591796875,2588187
2017-06-06,317.10440288531294,319.2470003981887,314.5332916739213,316.24737548828125,3666864
2017-06-07,320.06122405534967,321.6038851237719,317.96148932220274,319.504150390625,4307736
2017-06-08,319.63269178504345,320.7897020294298,314.2761832975382,315.13323974609375,3858535
2017-06-09,315.17607012642355,318.0471642150215,313.8905289986342,315.21893310546875,3205017
2017-06-12,314.4476257519244,318.64712425622423,311.5765314521614,312.99066162109375,2462371
2017-06-13,311.9621838261052,315.8188651949236,310.3337969298319,311.27655029296875,1257634
2017-06-14,311.5336564443559,315.8616852844136,309.862435663326,313.2477111816406,2338631
2017-06-15,313.24771833241346,317.5329133140382,312.34782796667815,313.0763244628906,2823152
2017-06-16,313.67632085442017,314.9618621818397,309.04830823104606,312.6907043457031,4962261
2017-06-19,311.9621974366462,316.0331358346428,311.31942685389873,314.9618225097656,1888109
2017-06-20,316.03310384680543,317.83288451256885,313.4619927557571,314.1904602050781,2553936
2017-06-21,314.01913571291135,315.56179690427615,312.39074855068054,314.79046630859375,2945763
2017-06-22,315.1761216089795,316.204572091382,310.67666888615753,313.84771728515625,7013343
2017-06-23,313.59059740948015,315.86175526391446,311.3194685753478,313.84771728515625,5681037
2017-06-27,312.81923481127643,322.1609561290263,312.81923481127643,318.3471374511719,4226917
2017-06-28,321.30394258749635,327.08896532756813,314.96184616314804,323.275146484375,4209925
2017-06-29,323.7464623067319,331.1170084267588,323.7036283477307,327.7745666503906,4698010
2017-06-30,327.77457913431755,329.0172863580362,319.3327484132765,325.417724609375,3628132
2017-07-03,326.9174925351378,329.2315128862306,322.9322804064938,327.4317321777344,1687712
2017-07-04,329.01733023280957,329.01733023280957,324.04650067507004,325.074951171875,1836644
2017-07-05,323.10369026807143,324.38926041790506,319.9755053618428,322.5037536621094,2338530
2017-07-06,322.7180323872564,328.1174041662291,320.4897377288132,326.7889709472656,2399488
2017-07-07,329.10290462539615,332.1453919961189,328.24584835374833,330.73126220703125,4849963
2017-07-10,336.00216840896115,351.5145634166254,334.3737813430385,347.70074462890625,2101702
2017-07-11,346.37231990331975,350.4432583068963,337.2019927501822,338.91607666015625,6175288
2017-07-12,340.93010628707316,344.7867877379843,338.0590121784134,340.3301696777344,2894251
2017-07-13,345.6142344888355,347.8911255495872,342.5640657098881,346.38751220703125,2879273
2017-07-14,348.0200251102172,351.07019402143624,345.57130738081463,349.6954650878906,2424013
2017-07-17,351.8435381285079,352.27313372786955,348.79336864204726,350.9413757324219,2517635
2017-07-18,349.0081144415058,369.45713540385646,349.0081144415058,350.81243896484375,4039652
2017-07-19,352.273132059117,363.2709364559359,349.9103271802544,361.9391784667969,5104135
2017-07-20,362.58350556099475,364.7315122484109,357.5142144336624,360.6932678222656,3406260
2017-07-21,358.287540906809,358.287540906809,345.91500790368383,353.39007568359375,12143745
2017-07-24,349.6955395677535,363.0131780342008,348.87929045291696,360.90814208984375,5425590
2017-07-25,363.1420266983089,370.831892092396,359.70520397162477,367.5669250488281,7134553
2017-07-26,369.4571951039673,369.5001663018712,362.3687803445265,366.2351989746094,5764897
2017-07-27,366.02036856270126,366.6647619124492,353.5189513787819,357.4712829589844,15443045
2017-07-28,354.8936617007648,356.9986973214387,350.7265325576577,355.10845947265625,1940125
2017-07-31,356.56910032836544,362.1109584639028,352.27308672087236,359.96295166015625,2953735
2017-08-01,360.9939904300627,363.4427082403438,355.49510360781875,358.3304748535156,2448373
2017-08-02,361.59548299804425,363.1420387295087,354.6359240193239,357.2994689941406,2195053
2017-08-03,357.38537124119705,365.2470632422127,355.06553771573095,364.4737854003906,2812811
2017-08-04,363.74343125919575,363.74343125919575,353.64779125229404,361.63836669921875,3004061
2017-08-07,361.59544840658333,363.099032798616,357.81494364363556,358.6741638183594,1299253
2017-08-08,358.7171455605201,365.1611666620905,355.79586064944533,358.97491455078125,1994391
2017-08-09,359.96297215695313,359.96297215695313,353.991518139356,357.4712829589844,1360936
2017-08-10,356.65499232386367,361.29468790668426,354.2492457946683,357.6430969238281,1661135
2017-08-11,353.9914866742256,359.1466912011079,352.273075467411,356.1824645996094,2538665
2017-08-14,354.8506683300826,356.0965127853229,348.10593725227466,351.0272216796875,2234285
2017-08-16,349.69548096081445,353.21821673953434,346.9030808712764,350.3398742675781,4181433
2017-08-17,353.1323097189085,360.86511681801915,348.79332488513217,357.7290344238281,3282886
2017-08-18,355.6669086393285,362.9271774361578,354.63586196756927,361.72430419921875,3062360
2017-08-21,363.8293892509333,365.84851168171485,358.71712638307736,360.13482666015625,2075746
2017-08-22,363.1850020730471,365.16115334346455,357.90088343325004,362.6694641113281,3456653
2017-08-23,364.51675537076665,372.8939853005793,364.47378417664584,371.08966064453125,4754764
2017-08-24,372.0347328683239,373.1946640735363,367.73871938355944,371.9917907714844,2773039
2017-08-28,372.893958133624,376.45963599182403,369.6289913316692,373.2376403808594,2806489
2017-08-29,374.1827546149674,374.1827546149674,367.1802540996236,367.8246765136719,2102533
2017-08-30,370.7459682957225,370.9177948804074,367.3091456663912,368.59796142578125,2389197
2017-08-31,371.0036634345683,371.0036634345683,364.4307882256151,367.48095703125,7912495
2017-09-01,369.457140517227,369.84379396053447,361.89616007223367,363.05609130859375,1996184
2017-09-04,363.4427167037121,365.11818586930127,355.45214069443534,357.7720031738281,1409182
2017-09-05,355.79583356152654,356.4831980875146,341.876745550613,349.2658996582031,7204076
2017-09-06,345.0127916021894,348.44961386938644,345.0127916021894,345.82904052734375,2064288
2017-09-07,345.91499018823976,350.0821485355339,339.4280274803594,341.3612365722656,2642421
2017-09-08,341.87674182751346,347.8481956251367,340.7597817583375,346.68829345703125,2013742
2017-09-11,349.69549347177093,350.0391757330531,342.39228178647807,346.2157287597656,1612161
2017-09-12,349.69545070351427,349.69545070351427,341.9626153171832,348.1488952636719,2583110
2017-09-13,350.03916173429985,350.2969306933436,343.50922812464603,345.0987548828125,1877714
2017-09-14,349.2659268432197,349.2659268432197,341.1034942819631,342.7359924316406,1667328
2017-09-15,343.68108691685603,346.21574736673006,337.96740174622255,340.2442932128906,5339372
2017-09-18,342.82185662796064,344.755065594182,339.55688988981564,340.802734375,1309340
2017-09-19,342.8218754956298,342.8218754956298,335.60457714108895,339.2132263183594,1103781
2017-09-20,318.7641752850157,342.7359306674537,318.7641752850157,340.97454833984375,11779464
2017-09-21,336.80746853189163,345.74317866193553,334.8742593557873,343.7669982910156,6557075
2017-09-22,341.96268396253146,344.4973444749965,336.16308535213534,339.6858215332031,5273742
2017-09-25,341.01754645768204,341.01754645768204,332.8551147228049,334.8742370605469,3002284
2017-09-26,332.7263120303312,337.15121124043526,329.11766201307546,332.8122253417969,4203146
2017-09-27,333.32769479073676,335.08904823431726,330.1916122723793,331.6092834472656,2714173
2017-09-28,332.9409994075113,334.14390174326456,324.34897286554815,328.25836181640625,16167139
2017-09-29,328.1724348686913,336.67854852759854,325.7666882712003,334.616455078125,5337179
2017-10-03,336.80741443672804,337.5806921642595,329.07457897429344,330.4922790527344,1842563
2017-10-04,331.6521990273175,332.12473661066554,323.14608612366925,324.0482482910156,3138906
2017-10-05,323.70462498692825,327.0555053344116,320.6114845244761,324.5208740234375,3371352
2017-10-06,324.9504695359462,329.5471944877613,324.9504695359462,328.47320556640625,1065853
2017-10-09,326.8406931831744,327.87173995867005,324.39197527484896,325.5948486328125,1192143
2017-10-10,326.0244125637904,332.9839703500382,322.2009659922793,330.4493103027344,1502210
2017-10-11,331.8240684110941,349.1799786693978,331.652241830166,346.7312316894531,7774168
2017-10-12,346.430503652078,347.8052326063958,339.9864834988842,343.8958435058594,4023386
2017-10-13,369.4571299439212,375.47155463068555,361.55246747339487,370.23040771484375,45960026
2017-10-16,371.34737480700545,393.3429805218833,371.34737480700545,389.4765625,21145098
2017-10-17,391.796463256673,403.2668048703502,391.0231563018402,400.34552001953125,18843801
2017-10-18,402.1068058287161,402.96602593600807,393.0851838102905,396.90863037109375,9015866
2017-10-19,399.529233424671,410.5270363240585,398.24041771460674,407.0472717285156,2646228
2017-10-23,408.1212559800503,430.8041969294067,408.1212559800503,427.3244323730469,29564820
2017-10-24,424.1454029359941,433.63959278765356,424.1454029359941,431.3627014160156,17646810
2017-10-25,432.09304340324803,445.06699819675083,424.36020686624477,443.1337890625,10080877
2017-10-26,439.56810222301107,446.2269206225434,431.7063813542506,439.3103332519531,11031934
2017-10-27,439.56806576570307,439.65397905107574,414.994858693423,416.9710388183594,8904315
2017-10-30,421.4389134998876,427.6251942404592,417.615466503428,423.5010070800781,7211306
2017-10-31,421.0093051811532,432.52261701451215,418.1739338677364,427.195556640625,12690735
2017-11-01,445.4965451222786,468.00765864119245,438.1933340407969,463.1961364746094,35708310
2017-11-02,468.2224257662907,471.3155656597268,455.8928664724874,466.7188415527344,10951971
2017-11-03,466.7188956670217,485.27764989877903,461.6495752027321,465.0434265136719,18131291
2017-11-06,463.88352580312375,467.92177043558326,452.92869404697444,457.5683898925781,8295950
2017-11-07,460.44672111064966,461.04817234707144,439.9976991015067,441.930908203125,7054590
2017-11-08,426.16456306668175,437.3342231346188,415.0808744864447,425.5631408691406,50336608
2017-11-09,431.5345185140908,436.4749251807765,425.5630651433595,433.2529296875,10980638
2017-11-10,435.6157513183833,439.69696710607843,426.68004195785653,432.5655822753906,10487687
2017-11-13,432.1789483201377,435.40097317928826,426.7230032935333,427.8829345703125,7079805
2017-11-14,429.3865087139369,433.8114065433644,425.1334665473873,428.01177978515625,6449030
2017-11-15,427.88293535332605,428.7421555610014,415.42448963732176,418.2169189453125,9690914
2017-11-16,420.15009260514216,425.21938375663774,413.4053323727558,420.9233703613281,10682218
2017-11-17,425.30535636312334,434.71363341168893,421.9115047255876,424.01654052734375,11712737
2017-11-20,424.5749498575527,426.76592768524375,420.15008120095104,423.2861633300781,5804375
2017-11-21,425.5630929362146,437.5489716498766,424.8757284219603,432.39373779296875,10087242
2017-11-22,433.46775993399314,436.0453623405066,425.69198152181184,428.82806396484375,3621523
2017-11-23,432.1789560018797,435.61577870025286,424.0165239134165,426.46527099609375,5918577
2017-11-24,427.0237538761982,430.67537438071,425.3053425156301,426.8518981933594,3900017
2017-11-27,426.07860995912847,429.42951930387267,421.8685095018446,427.8829345703125,3499938
2017-11-28,427.83998483965985,427.83998483965985,421.18116655555707,422.72772216796875,3346897
2017-11-29,422.7277719786353,427.2385839576543,421.0093604881599,425.94976806640625,5898170
2017-11-30,423.0284117726556,429.0858076188359,421.69665400210897,426.5511474609375,14879534
2017-12-01,428.6562161993767,428.6562161993767,414.0068214015939,415.9830017089844,6127500
2017-12-04,416.7132981493766,422.7277231241729,414.5652913079182,416.1118469238281,3040197
2017-12-05,417.271735777105,422.6847089762568,409.7107559547869,421.5677490234375,4264268
2017-12-06,418.0020735748033,423.586873367796,411.55805367196257,415.3815002441406,8331495
2017-12-07,416.71331429870213,445.4965954522887,416.02594975531224,442.23162841796875,6949368
2017-12-08,442.6182392422207,456.1077307397253,442.57526805231214,451.21026611328125,14197096
2017-12-11,456.06476627025904,462.25101756238433,450.52290827489054,457.6972351074219,12378453
2017-12-12,458.04095859446255,458.7283231436535,447.25798177946285,450.0933532714844,3625294
2017-12-13,453.6589909003947,457.9550044024086,441.8019971260637,444.50848388671875,7920791
2017-12-14,444.9810583561451,451.0813964714726,439.05254681898015,447.04315185546875,3350247
2017-12-15,453.48712867699476,455.24848185506613,442.2745290813101,445.02398681640625,6986672
2017-12-18,433.9832359416639,456.9239450829417,425.39120917433706,452.1553649902344,10462828
2017-12-19,452.5850139895533,464.1412679213024,446.9572134607406,461.04815673828125,6870721
2017-12-20,463.9694733693621,464.69978002382527,452.3272762505433,454.43231201171875,7494558
2017-12-21,454.08858101301337,456.8810101214921,448.50378098317856,450.30810546875,5651594
2017-12-22,452.71392061756586,463.0673017172386,449.7496646775258,454.131591796875,9484716
2017-12-26,456.23659322792156,469.4683159791728,451.29618642818645,466.50408935546875,6436620
2017-12-27,467.8358538293432,470.4134561489459,455.8929175019368,459.3727111816406,6700159
2017-12-28,459.2438710944429,461.86444485855554,455.4633659916375,456.5373840332031,8699172
2017-12-29,456.9239879178055,462.6377019642394,448.50381602511817,455.07672119140625,7502053
2018-01-01,456.2366052400809,462.33694341041485,451.42508279183596,453.5730895996094,4807939
2018-01-02,457.86907724747596,457.86907724747596,439.7828615336405,443.82110595703125,5242199
2018-01-03,446.0550504589786,451.51099530567205,442.27457477619,445.23883056640625,6333269
2018-01-04,445.926182738872,452.97162507779166,442.05976477974053,449.36297607421875,5953924
2018-01-05,451.0814107654674,466.11745876076844,445.53955249389946,463.9694519042969,8008838
2018-01-08,458.94311065292806,458.94311065292806,441.80202668848005,443.6493225097656,12287843
2018-01-09,445.06698815383464,447.68756176973324,433.63958928816567,438.02154541015625,7541257
2018-01-10,442.4893115525761,444.63731806056705,433.2958343884362,435.10015869140625,6667296
2018-01-11,436.47493965785674,443.95000668995056,432.35078179844464,442.2745666503906,5905519
2018-01-12,443.348559748015,444.5084909763851,433.4677459919265,437.80670166015625,4847824
2018-01-15,438.02155625679103,439.8688230073313,431.70639088779126,433.4677734375,2834570
2018-01-16,436.47497705945693,441.3294710178594,422.2122062652528,427.2385559082031,6420450
2018-01-17,425.3053413461074,432.35081335828085,422.255172099573,429.51544189453125,6824337
2018-01-18,430.4605640732961,437.16235409069884,423.5869474600045,425.30535888671875,7912892
2018-01-19,415.85411966089833,429.8161500069922,415.4244950047281,427.7970275878906,9966300
2018-01-22,425.8208502640265,428.31253945694664,419.2909162044993,421.61077880859375,4532165
2018-01-23,424.4461577584239,428.5703159921791,419.97828815382763,422.81365966796875,6150836
2018-01-24,418.3457804670539,418.4316937550364,391.06608587512727,394.8036193847656,29348889
2018-01-25,398.2404222325107,398.2404222325107,381.8726167248859,388.9610595703125,20580178
2018-01-29,381.4860125471772,383.5480770847351,373.7961471713202,378.5647277832031,27139736
2018-01-30,381.0206604003906,390.10081130627213,378.1236445349242,381.0206604003906,10679523
2018-01-31,382.66367169912803,385.69040780734684,377.38852313266966,380.37200927734375,7069368
2018-02-01,380.54503114659155,386.55522492735264,371.94048341412343,379.1181335449219,8096718
2018-02-02,378.59927880874704,380.9341622171688,359.5741825054508,365.23846435546875,6668088
2018-02-05,361.2604858095773,386.339025404208,355.59620405771307,380.67474365234375,15080352
2018-02-06,363.20626105244224,387.20381659275733,361.9523339882594,379.7667541503906,9331070
2018-02-07,384.7824937451524,388.6307459115367,369.34620582241587,372.07025146484375,10982569
2018-02-08,375.31315189632227,377.04271152912395,367.5301481898698,371.68109130859375,6173490
2018-02-09,366.66537158482083,375.2698902266103,362.9468111696359,365.3681945800781,5393964
2018-02-12,371.6810878275803,372.7188235975423,364.3737167488749,367.01129150390625,3987231
2018-02-14,368.6543532734651,379.2046523535608,368.6543532734651,376.0049743652344,10468199
2018-02-15,379.89644516656534,379.89644516656534,369.0002634938368,370.9460144042969,4583095
2018-02-16,376.13471285514265,376.13471285514265,361.8226318889276,362.94683837890625,4403814
2018-02-19,363.076518166476,363.20623879031075,348.6779974377445,358.32025146484375,6457099
2018-02-20,358.9688175308017,365.1087317106781,358.9688175308017,361.56317138671875,8022411
2018-02-21,363.2062569198864,365.3681990996614,360.91459410980167,362.9035949707031,4731875
2018-02-22,362.1685015361991,362.55766340604237,357.45548482339626,359.8336181640625,10769504
2018-02-23,362.3414858458302,370.29743059494,360.6983969318079,368.0057678222656,7504250
2018-02-26,371.8540211089194,371.8540211089194,363.94132629720076,365.9302978515625,4071745
2018-02-27,368.2219341955347,374.14565702757056,366.9247572836855,372.286376953125,5188255
2018-02-28,371.8540247030095,374.8807613164616,368.3084348519335,370.60009765625,25920217
2018-03-01,371.0325011579068,377.5615780198582,368.17873498427264,369.9082946777344,5837005
2018-03-05,369.2164413767976,369.3461620037584,361.13077607624797,364.4601745605469,3863655
2018-03-06,366.4059195909263,369.82178867827054,355.0773559252066,357.9311218261719,4204736
2018-03-07,355.1205854943225,360.0065729822754,338.34393085685895,348.6780090332031,12064643
2018-03-08,355.85568237235935,358.10409531993537,341.58685158522167,347.0349426269531,8664079
2018-03-09,350.1481224100338,353.26132959476814,343.79201669655447,347.7699890136719,5093353
2018-03-12,350.2345810045743,367.0977347637375,349.36981590197405,364.546630859375,8387164
2018-03-13,365.80056152988345,371.681063846928,363.33595753668214,368.6543273925781,5712773
2018-03-14,368.3084782631303,368.3084782631303,361.9523716209424,365.4547119140625,4194515
2018-03-15,365.45464879082493,366.9247670461379,360.8281027475437,363.59539794921875,3636202
2018-03-16,359.09860530018364,369.0435521879994,357.7149574602462,360.3957824707031,8030364
2018-03-19,361.4767027705349,364.5899100979882,343.0569586349666,345.6080627441406,6000592
2018-03-20,345.045945267184,348.93744694511076,339.5978546310099,346.2566223144531,8280683
2018-03-21,348.5050348764933,363.33596778722205,347.81324033727867,361.649658203125,9266412
2018-03-22,358.0175974753236,363.42243813375734,356.37450858003314,359.4012451171875,5382163
2018-03-23,356.8501521286009,362.29824292482124,350.40757553996946,356.8934020996094,5696201
2018-03-26,356.2880620188831,365.8005962765707,351.61826555292674,364.5034484863281,4884776
2018-03-27,364.9358390937212,365.2817510351744,353.00192103705336,357.3258056640625,6746611
2018-03-28,355.42329962939715,357.19608000297205,341.9327633847333,344.7865295410156,11413279
2018-04-02,345.47834048626623,347.4240913964803,337.6953368454099,341.6733093261719,5533293
2018-04-03,338.34391970229564,349.36982134372363,338.34391970229564,347.813232421875,5059176
2018-04-04,349.3698502817568,350.06167414483895,339.8140661155339,341.6300964355469,4025117
2018-04-05,344.2676808585504,346.68903516458494,338.25745722004643,340.6356201171875,9747139
2018-04-06,340.8950715221115,342.88407273449235,331.2960652883335,332.8959045410156,9425575
2018-04-09,331.12301597373937,334.4091643729522,325.7181754946797,328.8746032714844,13296149
2018-04-10,329.5232316989323,334.40921978021146,323.8589490365583,333.41473388671875,13281396
2018-04-11,335.5333696772651,337.9547529626125,331.5121768066948,333.198486328125,7693575
2018-04-12,332.0742955153469,333.3714432314488,327.9233525462795,328.78814697265625,4967973
2018-04-13,331.16626738420945,333.976783274268,324.983103143773,326.79913330078125,7738347
2018-04-16,326.02083209181154,328.87459789118196,323.858890079095,325.7181701660156,4140008
2018-04-17,326.0208660405647,331.5986775998405,323.5562618454115,330.38800048828125,6356203
2018-04-18,331.81483379576565,338.8627629886532,330.6473774974254,332.29046630859375,6360948
2018-04-19,336.18202433530087,343.57586666476385,333.3282580605685,341.8895568847656,3848720
2018-04-20,340.33291808197134,349.11040768954143,338.5168877688403,347.6402893066406,7492919
2018-04-23,347.2078793605188,351.5317635065948,343.1866571486834,348.3753356933594,4195101
2018-04-24,347.5538313945816,353.3478344767564,342.9705054714708,351.31561279296875,6982218
2018-04-25,358.4067116581579,369.6055835620739,356.28801961685537,363.0765075683594,22192116
2018-04-26,363.2062926979708,363.2062926979708,350.62380027079644,353.86669921875,13874130
2018-04-27,351.31556650708654,356.0718331338628,346.7754911558631,353.4775085449219,5013031
2018-04-30,351.9641803023063,357.3690506518179,349.5427967459158,354.16937255859375,3633132
2018-05-02,357.06633029305453,357.06633029305453,351.0993864756275,353.21807861328125,6754394
2018-05-03,351.3588189766372,352.8289373527671,345.0459628818986,349.71575927734375,4124205
2018-05-04,355.2935156804571,361.7793413740114,340.7220255320002,343.10015869140625,15994662
2018-05-07,347.20791611007445,349.8454909891653,342.01923701621274,344.39739990234375,6553080
2018-05-08,347.1646231278953,348.4618000612363,343.1434302709221,346.9051818847656,3955811
2018-05-09,348.6780539224014,354.126145312186,343.4893745400023,348.02947998046875,9019801
2018-05-10,350.1048466070905,357.7581287367355,349.2833315048676,356.3744812011719,9023511
2018-05-11,346.0404181563595,348.2456101670921,329.91233813193605,334.32269287109375,25555353
2018-05-14,333.80386685407797,340.7220760974502,327.1450695936864,331.3392333984375,9823967
2018-05-15,331.2095288622106,335.66313414869256,327.1883354663309,330.301513671875,7078344
2018-05-16,331.16629144518515,331.16629144518515,323.4265377313528,324.593994140625,6766242
2018-05-17,326.2370764927805,327.707194958253,316.0327179013099,317.8919982910156,9999816
2018-05-18,318.28109357952314,318.28109357952314,307.03900045844586,312.4870910644531,12433574
2018-05-21,312.48709749066506,319.3188358734162,307.1687274014741,311.31964111328125,5482372
2018-05-22,308.6820807791096,320.918689761332,304.055534306947,312.91949462890625,7236788
2018-05-23,312.8762214331551,316.3353108931084,306.34714578800623,308.5523376464844,6604278
2018-05-24,310.4549107250919,323.3400944425063,308.6388802824056,321.61053466796875,4997302
2018-05-25,321.95634677637116,328.61511324040475,317.3730221158254,325.9775390625,4145304
2018-05-28,326.5397127310399,329.3070081102019,320.6592393326303,324.4210205078125,6609989
2018-05-29,325.1128014218033,330.08525902760636,321.04835883209665,327.8800964355469,3858054
2018-05-30,327.66391772959355,327.66391772959355,322.56171003190104,324.98309326171875,3737750
2018-05-31,325.2425389451377,331.38245311436464,321.04837552332015,323.0805969238281,11979616
2018-06-01,323.9021849768008,333.7173814071443,322.17262527024985,331.81488037109375,4548210
2018-06-04,332.07430816816884,334.4524416872771,320.05391993961285,321.9564208984375,3958335
2018-06-05,321.17809157205784,321.91313603639367,309.2009253311013,315.0381774902344,5535807
2018-06-06,313.1356711106709,330.25826702470613,313.1356711106709,328.39898681640625,5566018
2018-06-07,328.3557691600681,334.02005121335696,324.2912967900321,328.57196044921875,4036551
2018-06-08,328.182769436053,331.5986383531998,321.91313476013124,326.4964599609375,4298662
2018-06-11,326.66946539358406,338.81960455764744,326.66946539358406,336.2252502441406,6040503
2018-06-12,337.2197524841036,340.2032100502587,328.22607124726846,329.17730712890625,6132581
2018-06-13,323.4265556016683,331.123059769187,322.8212023778,324.8534240722656,7432828
2018-06-14,322.9942062823682,332.07435916472883,322.9942062823682,325.5885314941406,5218952
2018-06-15,327.49096975985543,328.83136744520687,320.1403781931633,327.1018371582031,6339567
2018-06-18,326.8423907468576,329.39346544933454,318.2810929755319,320.7456970214844,3120256
2018-06-19,320.83224664844835,325.0696315797955,319.2756281783881,321.00518798828125,3962117
2018-06-20,322.12938795917387,325.588507508249,320.3566074917181,321.61053466796875,2785850
2018-06-21,324.24810170362423,324.2913223954814,314.60581717816063,318.8432312011719,4261882
2018-06-22,320.7889836308671,325.58850092733206,316.7677608966348,323.9021911621094,3404583
2018-06-25,321.6969940613095,326.84242322935506,321.52405273107314,323.5562744140625,3337617
2018-06-26,323.42652694543193,330.9933098029531,322.73470311725407,328.78814697265625,4792013
2018-06-27,329.6961912985897,329.9556032954092,322.648261046587,324.8534240722656,3786049
2018-06-28,323.16709667472105,329.8258939267089,318.7134916103,326.8424072265625,6498784
2018-06-29,324.5507605605201,331.4689701401097,324.5507605605201,330.301513671875,3820380
2018-07-02,329.5664722382225,329.82591351859656,316.1191855852969,318.2811279296875,4872211
2018-07-03,323.9453972379008,323.9453972379008,316.5948052792345,320.61602783203125,3092637
2018-07-04,320.7024807312451,321.61049584297217,313.65455112285775,317.718994140625,4355428
2018-07-05,315.6435047518203,317.156872946265,311.0169587979894,314.2598571777344,7104382
2018-07-06,313.049189579729,315.98942612168395,311.2331594048564,313.265380859375,8008826
2018-07-09,316.50832976118886,316.8542416881907,312.70329856416896,313.13568115234375,5248262
2018-07-10,313.48155521253716,319.7944397971817,313.48155521253716,318.06488037109375,1879352
2018-07-11,319.01616744820933,319.01616744820933,312.0979292651961,313.0491943359375,2085140
2018-07-12,315.6435286873384,315.6435286873384,311.6223355628164,313.1789245605469,2299214
2018-07-13,314.77875530625244,315.51379981508137,309.0279734508855,310.41162109375,5311215
2018-07-16,307.8605535260741,311.10345214235275,298.17504908332967,300.4234619140625,3618410
2018-07-17,300.0775610180609,303.2772390634726,294.02411685869583,296.22930908203125,5420158
2018-07-18,297.5696917639869,298.4344861899869,286.24112782654987,291.2568359375,5322210
2018-07-19,293.1593724044146,300.50996486487406,291.9486951998426,298.3480224609375,5027938
2018-07-20,296.61846641693506,300.68290958723225,294.3268035666114,298.69390869140625,4212334
2018-07-23,298.78039532082613,311.31963619909124,298.3479834706996,310.41162109375,4145242
2018-07-24,312.5303095589292,316.89741402843725,307.2119108324182,308.5523376464844,4350541
2018-07-25,307.0822722070454,307.68759612910515,297.0508554150785,304.660888671875,5175174
2018-07-26,305.3095024708156,311.31969748056,304.70414918732496,309.2874755859375,3816677
2018-07-27,311.2331816129265,323.3400698308373,304.09878102860944,315.3841247558594,9016962
2018-07-30,310.4548727393781,336.31170767864205,307.2551948685584,331.42572021484375,7476176
2018-07-31,330.3447382698838,339.46813944617054,327.4909722791422,337.7818298339844,8096298
2018-08-01,337.2629812359831,345.0459854993301,330.90687475266196,332.5067138671875,9444961
2018-08-02,333.7253316240479,334.9004286035212,321.3651352481184,324.67279052734375,6186750
2018-08-03,326.23953271564375,328.06744789444576,322.4095997594202,325.9783935546875,3647704
2018-08-06,326.2830320203107,337.46815856455083,326.1524919154746,335.77081298828125,4039536
2018-08-07,335.7708658710851,336.68482359255603,330.1130169184817,332.419677734375,2430919
2018-08-08,330.8528353182262,337.64224741348374,325.02091386266744,335.3791198730469,3321970
2018-08-09,336.24953157825695,336.24953157825695,317.2740284340929,319.49365234375,12249927
2018-08-10,320.49468707383147,326.2395724712668,317.79634699494943,321.88739013671875,4489796
2018-08-13,321.1039553953472,327.0664460961257,315.9683562283549,322.1919860839844,4235777
2018-08-14,322.19200716080877,324.41163117435303,316.8388309798457,319.45013427734375,3215464
2018-08-16,319.0584165177011,325.5431857694378,317.8833492250453,323.80230712890625,3012465
2018-08-17,323.8458722620669,326.41364272178276,318.7103018686859,323.28009033203125,3362891
2018-08-20,324.15053146770447,325.4126649871203,319.7113123740887,322.54022216796875,2837782
2018-08-21,316.83884432078753,322.40962688827875,316.0554562459472,320.5382080078125,3451323
2018-08-23,324.06345014542234,327.9368867454298,320.4076196938246,321.9743957519531,4746745
2018-08-24,322.06144911565076,322.75780061646304,317.70926697254805,321.1474914550781,2318341
2018-08-27,322.061431147934,334.0734496558765,319.79830363352744,330.02593994140625,6589318
2018-08-28,332.81133626265813,335.72731186864326,326.7618083639736,327.9804382324219,4072000
2018-08-29,329.02493911792317,332.89840544652304,324.4551507530033,326.32659912109375,4481303
2018-08-30,328.4156689334719,335.1180156892397,326.9794328239824,333.4642028808594,7796683
2018-08-31,330.63524685838155,335.9884527544553,327.28408838802955,334.11700439453125,8709625
2018-09-03,336.85889248173953,337.0764986532469,331.1575400507659,334.073486328125,4176986
2018-09-04,332.7678449848898,333.76883925563635,327.02295960451465,329.3296203613281,3202349
2018-09-05,326.41359528183654,328.8943582827842,318.7972921078408,323.8458251953125,6639329
2018-09-06,325.49968315387036,326.1525311262652,320.40764581288545,324.0634765625,2611929
2018-09-07,325.45614780672327,340.6017182293693,321.0168999239661,339.1219787597656,5463110
2018-09-10,338.86087110832403,345.998429335827,332.680774029296,338.07745361328125,5613805
2018-09-11,338.16453790284515,341.55922933546833,328.54621603646495,329.6342468261719,5815679
2018-09-12,331.54920223271205,332.637262507959,323.6282554722025,327.89337158203125,4065958
2018-09-14,329.02495328079857,337.9034206819226,324.6727708912544,333.8994140625,3596796
2018-09-17,330.8963897170677,340.3406387175453,328.2415532505121,332.55023193359375,3424364
2018-09-18,330.93995371230125,334.9439605611051,324.28111014847445,325.2821044921875,2955053
2018-09-19,325.97841725073715,331.1139874371655,313.61822238626445,322.10498046875,2182182
2018-09-21,317.6222123123063,330.6352249788878,310.9633698862808,322.49664306640625,6106651
2018-09-24,322.4096337454676,324.58572487695017,305.08797073906754,310.0494384765625,7884016
2018-09-25,312.66076394970446,316.53423060505924,299.4301430863995,313.7923278808594,6854558
2018-09-26,315.96841768725295,317.7092966016354,310.87638002087914,314.4886779785156,4398347
2018-09-27,314.66272845632244,316.36007406380423,308.70023758397497,310.5716857910156,4483893
2018-09-28,310.571703468682,312.4866553291514,291.72673916628025,294.68621826171875,12408231
2018-10-01,295.0778866350044,295.9483111413542,280.0193245679683,284.4150390625,10867591
2018-10-03,283.7622665005481,284.89383033108885,275.3625448674432,277.1904602050781,7389608
2018-10-04,274.49213588448293,276.3200513264281,263.0023648357132,269.9658508300781,8969681
2018-10-05,268.529588461217,274.9708241957606,254.0803410738683,259.9122619628906,7954131
2018-10-08,260.08640158083665,260.08640158083665,253.29698917847202,256.95281982421875,10015308
2018-10-09,257.86677353147377,258.4325554334993,249.8152278404012,251.5561065673828,9499251
2018-10-10,251.55611085215918,264.43858417730354,247.37803131018555,256.86578369140625,11334821
2018-10-11,251.5125806433503,256.6046473792097,245.6806735858391,248.3790283203125,5194191
2018-10-12,250.6856799957658,254.68968629978207,247.76970446645356,252.47006225585938,9995231
2018-10-15,252.47007551479646,255.03787543626675,247.2474685740473,253.384033203125,2892892
2018-10-16,254.51559166333337,257.5621368758227,251.7302151084798,255.90829467773438,3341220
2018-10-17,258.08438085110015,259.6946899965712,247.7697075054447,251.1208953857422,4302545
2018-10-19,249.81523105835979,255.21194044454583,247.726176559072,250.0763702392578,4139025
2018-10-22,251.94782172729845,252.4265375996623,240.98031494294253,248.72720336914062,7247010
2018-10-23,246.37700915714507,252.94880032207504,246.3334761378281,248.85775756835938,7364748
2018-10-24,252.42651376810812,286.15593730035545,249.5105678914151,274.92730712890625,13531404
2018-10-25,267.2239433655678,270.18342232273983,254.29796733189045,257.2574462890625,16981629
2018-10-26,258.606612117403,266.3535145911482,249.8152119478646,259.34649658203125,8719999
2018-10-29,260.34748194973656,264.2209183189498,252.42650661858798,255.99530029296875,6271130
2018-10-30,256.30000646067793,258.6937037420365,251.86075818169758,254.689697265625,5334354
2018-10-31,254.95079226550212,256.7787075193781,242.76470039764482,254.47207641601562,8163543
2018-11-01,255.03785593784042,259.3900378803768,250.11989211121116,255.4730682373047,5268238
2018-11-02,255.82125851938983,267.920314397054,255.4730827652294,262.9153137207031,4910534
2018-11-05,264.012407161402,268.0498301704677,261.55486600453185,266.118896484375,4841471
2018-11-06,266.82109031133797,270.2880099095723,265.8556084971691,267.74267578125,2943744
2018-11-07,271.2095730543003,271.2095730543003,266.7771720067595,268.7958984375,307017
2018-11-09,254.3577075752104,266.2944506180787,253.39222587764812,263.0908203125,9425801
2018-11-12,264.18798510518764,267.6987712199801,258.0440722543831,259.9750061035156,6792319
2018-11-13,259.7994821082533,266.8210841101104,254.79657693646047,261.159912109375,4317488
2018-11-14,263.3102565512628,273.6671480208177,261.5548784187347,264.4512939453125,5418605
2018-11-15,264.45128981928946,269.1908463670876,261.5548743379021,267.1721496582031,4493893
2018-11-16,265.8555926262023,295.609674232743,265.06566651628236,292.0549621582031,25046229
2018-11-19,289.11467322096183,297.45283810152756,279.98658224896207,295.6535339355469,13062401
2018-11-20,292.3621314236333,297.9355393837105,288.1491532024928,291.352783203125,11910774
2018-11-21,290.51898871457377,297.9355679269512,289.77292927146516,292.0110778808594,9406787
2018-11-22,291.3088933034369,298.242731155621,282.09304039102244,287.75421142578125,9903933
2018-11-26,287.9297887876212,297.45285831236214,287.9297887876212,293.6348571777344,6623860
2018-11-27,293.06434909059476,294.8197272900278,284.46286514566197,288.0175476074219,7734474
2018-11-28,291.396700735847,292.09886389539787,272.9649920974722,275.68585205078125,10180878
2018-11-29,281.7420292710787,282.61971844590477,273.8427078178969,278.4067687988281,9217365
2018-11-30,279.9865900876279,284.6384135251147,272.70166969833235,275.15924072265625,6595578
2018-12-03,277.79234762010054,281.74200804918786,276.0369396827357,280.6448669433594,3368628
2018-12-04,281.74199957308514,283.9362519987943,272.3066933385821,279.59161376953125,7156660
2018-12-05,280.60101102481104,281.610359482327,272.26284529417785,274.54486083984375,5027352
2018-12-06,272.96501935668624,272.96501935668624,265.06569788285316,266.82110595703125,6566491
2018-12-07,267.6987766223316,270.1563477562358,262.388686140105,266.7771911621094,5298884
2018-12-10,261.9498099083302,264.75846229318506,255.2792902142313,258.87786865234375,5748768
2018-12-11,252.7778555320999,258.3951306435042,247.51163225272248,254.752685546875,9994368
2018-12-12,258.04404908930195,272.96497046751085,255.84979681956332,268.1814880371094,10299827
2018-12-13,270.77071394670935,274.58871461930835,264.6706980821931,266.0311279296875,7666679
2018-12-14,267.87433162645016,292.6255094007708,267.87433162645016,280.2060241699219,22730782
2018-12-17,280.2060191267417,283.6729386176987,274.54484716960854,276.6513366699219,6809035
2018-12-18,275.7736153871408,281.47868363619125,273.49159997549424,278.933349609375,6272518
2018-12-19,280.425417397549,284.37507744257044,279.15275048170565,283.23406982421875,5789644
2018-12-20,278.23122144585795,282.22477863849826,275.59812412276216,277.8362731933594,5987582
2018-12-21,280.86422761390406,285.03330940569595,268.2253526770413,270.2440490722656,12363968
2018-12-24,271.9117635123418,274.1060160863146,267.04051744853376,271.29736328125,5225655
2018-12-26,270.507407421722,283.4973954995637,265.5922952722264,281.2592468261719,8367166
2018-12-27,283.6729331809248,284.11177772176245,275.5980866377509,277.9678649902344,8764732
2018-12-28,278.14345846974027,281.7420376899442,276.0369687232885,277.8362731933594,5184819
2018-12-31,279.98659287724195,281.65423780463186,273.05275399376524,274.2815246582031,4210832
2019-01-01,277.30957742440546,282.61966729896085,274.98366586812284,280.4254150390625,6117146
2019-01-02,278.1434463901602,281.7420254540803,271.29736987148135,274.4132080078125,6218991
2019-01-03,274.2815219254309,276.91464859717325,270.28799501584655,275.15924072265625,6230813
2019-01-04,274.2376392971349,284.98947846607535,274.2376392971349,283.0146484375,11361086
2019-01-07,284.7261824492543,287.7981240040163,282.7074559213167,285.20892333984375,5511088
2019-01-08,284.1556526831266,291.1772539680044,283.7168081753089,288.9830017089844,7194973
2019-01-09,292.44993472048577,296.5751208411951,287.27150389918273,293.5909423828125,8018192
2019-01-10,295.3902561349804,297.2334269907948,291.747781045674,296.04852294921875,5748158
2019-01-11,295.9168587120961,296.0485180167369,288.76359767943234,294.1175842285156,5922578
2019-01-14,293.23984551010886,293.8542456500361,288.01751862055556,291.04559326171875,3674704
2019-01-15,289.6412718181513,297.8477771449263,286.5693305079929,296.4434509277344,5706902
2019-01-16,295.5657864159461,303.02623291362687,290.87009624269416,293.10821533203125,7705383
2019-01-17,292.2744046999973,295.56576833827415,289.8168337663948,291.4405822753906,4569576
2019-01-18,290.08016472769276,291.7916762701161,267.08439574042933,273.0966491699219,16359865
2019-01-21,272.7017128623476,276.9146924280311,268.57652599423625,273.272216796875,8621248
2019-01-22,273.84268104213294,273.9304440070469,264.6707230702429,267.567138671875,8770625
2019-01-23,269.2786595413059,269.80526706893806,265.32899906429225,266.5577697753906,5617992
2019-01-24,269.1908553581465,270.15633712416724,258.4829118474513,264.75848388671875,10389592
2019-01-25,266.8210640141281,273.842665487144,265.0656562158911,269.89300537109375,6040052
2019-01-28,270.3318810895065,271.5167553548579,258.65845631728376,267.8304138183594,4546062
2019-01-29,267.6987585215187,271.7800780207967,264.8023430252461,270.2002258300781,3210022
2019-01-30,271.2095934358705,274.632616665317,263.39806516972766,266.5577697753906,6553462
2019-01-31,267.2598761159249,272.4822025372537,266.0749722808485,268.9275207519531,9493241
2019-02-01,267.78653824664303,281.6542148851191,267.69874556923645,273.71099853515625,9243929
2019-02-04,272.0872798831746,272.7455764361686,265.2412334915138,269.0592346191406,3895812
2019-02-05,259.27283515737446,273.5354906230903,257.034716134831,270.5074157714844,14678663
2019-02-06,269.4541876486416,272.5261590310459,264.1879934501416,270.99017333984375,5202682
2019-02-07,270.85850040217827,275.9491684072941,267.874321858476,273.0966491699219,3852519
2019-02-08,271.20958130560575,275.77361207406784,268.6642473093685,274.9398193359375,3413931
2019-02-11,276.4757601726122,276.8707380691159,272.96497432339623,274.0182189941406,3303611
2019-02-12,273.5793659317481,277.00241880657785,271.78009138826224,273.1844177246094,2226134
2019-02-14,271.20954666613966,271.9994726813337,260.23828596637844,264.01239013671875,8573394
2019-02-15,264.18798227016543,268.6203537790177,260.98438143031433,267.3476867675781,6727458
2019-02-18,269.3664017497833,269.58582401271417,263.35414852966426,265.54840087890625,4440252
2019-02-19,266.73332543122467,275.15925391288414,264.6707322247683,266.5577697753906,7593977
2019-02-20,268.18148952159856,272.83331268077495,267.65488205071625,271.2095642089844,6216966
2019-02-21,268.48869549923785,272.96496287216735,265.9433617483686,271.9994812011719,5805770
2019-02-22,271.38511100104313,277.7923424225609,270.37576260091885,275.4664306640625,6199607
2019-02-25,275.59807294733696,280.86426661565633,273.4915835920363,278.4505920410156,4154758
2019-02-26,277.0901803305611,281.30315931767706,275.0714835225187,276.8707580566406,5562215
2019-02-27,279.9426660241199,285.47217799133165,275.9052431725083,280.99591064453125,4527145
2019-02-28,285.16499328895463,286.9642973302879,277.3095698195449,279.1527404785156,7687680
2019-03-01,278.9333265608502,278.9333265608502,265.1534128246715,270.024658203125,29577827
2019-03-05,270.33188513262684,271.38510011315066,266.46998789761903,270.2002258300781,11396759
2019-03-06,272.92109893783237,274.9398254750669,270.59518715968716,271.5606689453125,7093395
2019-03-07,272.08725117167415,274.0182145634492,269.4541543973546,270.024658203125,6466583
2019-03-08,271.8678745742783,273.84270491665126,270.0247035507217,270.9462890625,4441514
2019-03-11,271.25348935066285,295.87297819723193,270.9462743834231,292.9765625,17059011
2019-03-12,292.0988474797156,310.7061107222343,289.07077273931924,308.7751770019531,30070085
2019-03-13,305.87875655451813,312.94425425980756,295.34633964551057,296.4434509277344,13993813
2019-03-14,295.78522402908123,303.64064886043843,293.63486779410397,300.5248107910156,6931287
2019-03-15,301.92907851121413,302.6751081946952,290.69449916291103,296.3995666503906,11536718
2019-03-18,296.66288843519015,301.62189657282966,289.026887291583,290.2117614746094,5844953
2019-03-19,291.39668301947387,297.9355733302471,291.39668301947387,295.5657653808594,5639437
2019-03-20,295.91685582001196,298.3305304616823,291.7038769924129,293.152099609375,3309504
2019-03-22,294.90753425426715,304.91331529920205,289.0269397296209,291.00177001953125,9113700
2019-03-25,292.18660941346275,293.94201720752187,283.6729187621913,287.0081787109375,5253505
2019-03-26,288.36862448004854,290.8700918692544,286.34992769570744,287.7103576660156,4247229
2019-03-27,290.519008781519,292.27441666308573,281.21536186918206,283.05853271484375,5951916
2019-03-28,283.14631440014983,292.27440530978566,278.88943930773223,289.597412109375,13616927
2019-04-01,293.0643031409232,302.7628969398552,292.4499030354931,299.12042236328125,7080411
2019-04-02,301.0513918179577,315.0945938197556,301.0513918179577,312.8564453125,22251488
2019-04-03,312.4615051578494,318.60538761595166,305.0010297559765,307.1952819824219,12250809
2019-04-04,308.9507173714839,315.5334746402502,308.9507173714839,313.1636962890625,12168154
2019-04-05,314.74355503271994,315.75290344095674,310.31115375317154,313.03204345703125,3728070
2019-04-08,314.56802348407234,319.3076103675675,309.43348836358217,311.53997802734375,5656181
2019-04-09,314.69965635970897,316.85004218908415,299.7348671190513,308.5996398925781,10073980
2019-04-10,307.89747743555284,311.0572116729287,296.66292625364025,298.4183044433594,4759411
2019-04-11,299.91040984220325,308.2924719159511,295.9168826382263,303.9917297363281,18189273
2019-04-12,304.56222311939587,307.50253513955545,297.5406210657956,300.12982177734375,8349759
2019-04-15,302.71903424967036,306.31761289013355,293.8542618114138,305.1766052246094,10210051
2019-04-16,305.43993873953417,308.1607987332197,299.076603586634,306.09820556640625,9519380
2019-04-18,306.7564293320357,307.590251694319,291.9671679354795,304.518310546875,16138821
2019-04-22,301.929114762124,314.69965134732143,295.4341204746998,306.668701171875,15339393
2019-04-23,310.672521960111,311.0548688824692,300.34862009766783,302.5472412109375,11627154
2019-04-24,302.5472541472195,311.91521480449194,301.686921525247,310.1945495605469,7161510
2019-04-25,308.56954519490006,318.2242741787208,306.8488798275314,314.01824951171875,11517967
2019-04-26,315.452084025467,320.90081748394385,308.0915267794258,311.1026611328125,5000316
2019-04-30,309.71659814213035,312.39317535201866,300.205238668311,306.1797180175781,6139942
2019-05-02,308.66512673768483,314.87858447155355,307.4224470788852,309.9078063964844,7925814
2019-05-03,310.1467821150737,319.13239647702017,310.1467821150737,316.83819580078125,9901409
2019-05-06,316.83814579394596,321.5699153669099,312.106376220982,318.7499694824219,14870120
2019-05-07,325.0112218416177,325.8237647561873,307.27900330758547,310.62469482421875,17735230
2019-05-08,310.5291365668398,313.01452540813096,305.9885251952436,310.1945495605469,4864438
2019-05-09,307.0878620077813,311.81963239260466,298.81918152851125,301.5435485839844,7998137
2019-05-10,304.8414172667451,313.9226397813734,301.30453728311386,309.81219482421875,7855974
2019-05-13,307.3268451281896,312.9189483015451,300.7788299306642,304.60247802734375,6620278
2019-05-14,302.06927549642563,324.7244837896294,301.304551881276,321.7611389160156,10954653
2019-05-15,321.18758385391715,323.0994076340162,314.2094032806101,316.64697265625,7782551
2019-05-16,317.36390252384734,318.6066117409988,306.89663179746157,310.8636779785156,4591691
2019-05-17,309.42984729968464,316.12126096768014,307.9481896551726,313.970458984375,4117918
2019-05-20,317.4117275121597,326.87526715837,316.40799624670404,325.1068420410156,7858379
2019-05-21,325.0112503347867,325.1068593613167,314.06602289262014,316.0734558105469,4316609
2019-05-22,316.40801455434513,323.05163827133106,314.16163335962744,320.37506103515625,6791987
2019-05-23,322.6692762678591,333.61450425764514,319.4669532575885,323.8641662597656,5449864
2019-05-24,325.0590505433651,340.30588084226,325.0112311729526,337.62933349609375,9756740
2019-05-27,334.2836260739509,336.38663826199803,331.0813032794444,334.0924377441406,4004333
2019-05-28,333.3754836479363,336.1954593323147,326.6362811790255,330.3643493652344,8643505
2019-05-29,328.6437559473269,329.93425497054704,322.9560439219296,323.8641662597656,4581547
2019-05-30,325.0112479025182,334.1402604114998,324.5810815861865,331.4158935546875,14152211
2019-05-31,333.6144679281123,336.8645802401454,329.2650747751943,333.4233093261719,11028688
2019-06-03,336.0042678867866,340.06689330218103,333.4710895633329,337.19915771484375,5214139
2019-06-04,335.5263042435754,340.2580737979095,334.33138472305205,336.86456298828125,6749428
2019-06-06,337.2469689357849,340.2581033830669,333.1365238884011,338.202880859375,10510811
2019-06-07,338.202858442716,345.9935817114991,336.29103472225466,341.3573913574219,5879853
2019-06-10,339.1587802747854,348.57455992678655,338.05949943515805,347.4274597167969,5992522
2019-06-11,346.9973196172978,350.77317780524476,342.45673780494076,347.2362976074219,5668149
2019-06-12,346.4237756255874,346.4237756255874,341.35741858629484,344.0339660644531,2868026
2019-06-13,341.30964764646427,348.86136424667086,341.30964764646427,347.7142639160156,3839377
2019-06-14,346.56716060960616,346.949537289853,336.14767841225955,337.7249450683594,5170880
2019-06-17,339.9235566289979,339.9235566289979,327.0186858208582,328.8349304199219,7087101
2019-06-18,330.1732431424636,332.0372775312608,326.15837698202654,329.93426513671875,4977568
2019-06-19,331.22471110600077,332.6585790392852,319.5625495846998,326.0627746582031,4008250
2019-06-20,324.2943219458749,334.57043497851095,324.24653229175584,333.1843566894531,3563847
2019-06-21,332.1805870716112,334.4747874042761,327.59218640628137,328.6437072753906,9764198
2019-06-24,329.93423294665104,333.18434539565817,328.3569663746467,329.88641357421875,3310679
2019-06-25,330.22098239844433,336.48222896926313,329.3606498210998,333.23211669921875,2848907
2019-06-26,334.57040231797913,336.4822260555841,327.44882323148323,330.3165588378906,4732848
2019-06-27,331.941649102189,335.3829500158071,325.8715902789714,333.2799377441406,13137225
2019-06-28,333.04094891538267,334.5704258449782,327.4010566048782,331.36810302734375,8737050
2019-07-01,331.70263732231996,334.42700398308176,329.9342122512449,333.1365051269531,3469130
2019-07-02,333.61447560786377,338.87202084068593,332.03723878595645,338.0116882324219,3816212
2019-07-03,337.3425361533462,340.7838367869301,334.3314018139517,337.62933349609375,8473243
2019-07-04,337.7727472566666,348.90916385274846,337.4381899389877,346.75836181640625,8565250
2019-07-05,346.7583429604039,354.78804506735287,344.6075410410179,348.71795654296875,6878479
2019-07-08,346.04138743740634,348.3355878965195,338.82422878141523,340.6882629394531,3543845
2019-07-09,340.30585674760533,347.23624717456187,338.4896123984816,346.328125,3931858
2019-07-10,346.9017654347305,348.81358949419314,338.0595494397795,342.7435302734375,5299464
2019-07-11,342.45674713327253,346.4237937653657,340.59268309560787,344.8465270996094,3513505
2019-07-12,344.8942810737083,344.8942810737083,338.5374551329275,340.4014892578125,4750306
2019-07-15,341.83539562127004,343.55603126898785,333.7579035962889,335.14398193359375,3524295
2019-07-16,335.5263009558238,339.3021586326847,334.2358021518705,335.2873229980469,3651688
2019-07-17,335.09616276758334,337.82052954648924,329.59963955819757,330.9857177734375,4765414
2019-07-18,332.65857774666586,335.71750193644,323.67299351169186,327.40106201171875,3711155
2019-07-19,328.3569817442644,330.7467616804139,321.28319152535335,324.9634704589844,2517348
2019-07-22,324.05534132514003,328.35697483969057,320.8052287923451,327.4488525390625,3120156
2019-07-23,327.83119052469874,333.1365255022717,322.52588526705887,328.4525451660156,3682410
2019-07-24,328.8349158923814,329.5518498256121,320.9486129069112,323.9597473144531,4840787
2019-07-25,320.2316505470862,328.30914114170827,319.80148428134663,324.0552978515625,7600173
2019-07-26,323.0994227102455,323.959755339407,313.7314619746937,320.1360778808594,5089100
2019-07-29,319.9449123469435,321.61775819639047,313.6358461628514,319.801513671875,5072884
2019-07-30,322.1435225290971,332.9453812806717,320.37506755350535,330.5077819824219,12960949
2019-07-31,328.0701953180957,338.1550898473634,318.03306072089595,322.717041015625,11065547
2019-08-01,320.23167172064746,323.8163413056106,306.992244501626,309.6210021972656,9957404
2019-08-02,317.36394789284367,339.30222372950635,312.77557616721134,328.40478515625,28586783
2019-08-05,325.1068708476833,345.7068275011815,324.10313949329026,341.93096923828125,15513355
2019-08-06,338.4896483961382,358.85065557862526,338.4896483961382,352.2070617675781,17339262
2019-08-07,351.7768767700086,356.5086464830451,346.5193317511325,349.96063232421875,12759435
2019-08-08,349.8650273106484,362.05296326487843,349.2914920685332,355.7439270019531,16351434
2019-08-09,355.6005381377352,357.2733839799563,348.096611813527,354.78802490234375,7844936
2019-08-13,345.2766873673424,348.90914690832636,330.8901587270364,336.1476745605469,14292351
2019-08-14,339.350012738327,347.8098816024329,331.98945457677627,345.2767028808594,7813907
2019-08-16,344.12957899788256,348.9091387345594,339.349989541272,345.6112365722656,5827109
2019-08-19,347.4274698752152,350.1040172968293,343.93837949279845,345.0854797363281,4606667
2019-08-20,344.60755431123675,346.37597962507937,341.6442092762313,342.26556396484375,5364922
2019-08-21,342.2177403269942,344.3207823668866,337.5815790679426,339.2544250488281,4122882
2019-08-22,339.3499594053467,341.45297144671355,335.5263119555637,337.19915771484375,3171984
2019-08-23,338.39406248034,343.1258323523031,335.04837081409386,340.6882629394531,4676421
2019-08-26,342.16991694963184,346.66273851943646,331.6070667353794,344.7508850097656,5024254
2019-08-27,346.5193906123898,351.968095155368,329.5518925528523,332.9454040527344,32805677
2019-08-28,334.0924527503541,334.0924527503541,325.4892152819293,330.5555725097656,5628194
2019-08-29,327.25768392716697,334.331444703716,326.11058356881637,328.35699462890625,6040518
2019-08-30,329.79083905490455,334.1880518273664,323.8163596875502,331.511474609375,4855098
2019-09-03,330.2687708678251,330.69893715495976,320.7096224112616,322.0000915527344,4305439
2019-09-04,321.18760971120406,332.0372580886108,320.3272770529254,330.4599914550781,5241168
2019-09-05,329.790827552642,333.94906219417834,325.91936054019334,332.3717956542969,3325608
2019-09-06,334.76154625183466,338.3940349701108,329.88637810253607,333.8534240722656,6392799
2019-09-09,335.4785383045097,341.6442063214409,334.1402793466703,340.736083984375,3782198
2019-09-11,345.8024132822852,345.99360160931263,335.71748908100034,339.4455871582031,4900745
2019-09-12,342.6000852258389,342.6000852258389,331.46366997835986,332.2283935546875,5639186
2019-09-13,332.2762421529676,334.2836454323922,325.87159619306004,327.92681884765625,5012583
2019-09-16,327.87901846671656,330.1732190423829,323.4818056500117,328.8349304199219,5104088
2019-09-17,333.42327455114633,333.42327455114633,317.8896485281623,324.8678283691406,8486044
2019-09-18,326.54073840595345,328.97830800655186,319.84932483813753,320.80523681640625,7631530
2019-09-19,323.48179432736816,327.4488406822876,319.94491428032103,322.717041015625,11891538
2019-09-20,324.72446874808463,349.0047321737552,320.27946650352754,340.6882629394531,15819981
2019-09-23,340.3058944769897,346.2803737446721,329.7908335530178,332.6585693359375,5854791
2019-09-24,332.65858307753433,336.482260665977,330.1732238509776,333.2799377441406,4811334
2019-09-25,333.6622594584453,335.4784740648611,323.09938046571625,326.5884704589844,4697149
2019-09-26,326.0149548285554,331.75042603081954,325.4413898763703,328.8826904296875,4958745
2019-09-27,328.8349445229968,339.25442686771316,324.29433283059984,333.7101135253906,3416220
2019-09-30,337.4381583485931,358.37270087031277,329.0738992703745,350.8687744140625,19984719
2019-10-01,353.68872107095814,354.31007571219095,331.55928860779755,335.478515625,7344343
2019-10-03,335.4784815813604,339.9235132038205,326.25392052339174,329.6952209472656,5037665
2019-10-04,332.9453733039461,333.3277202506373,319.5147569579346,324.5332946777344,4794009
2019-10-07,323.0994391231021,331.46369869614335,322.2391064502373,326.4929504394531,3566103
2019-10-09,327.97461129782283,344.94210860672575,324.05535429611336,343.5560302734375,8848384
2019-10-10,346.9016971129208,368.02742608113414,346.0413645676294,360.61907958984375,48555442
2019-10-11,358.4204841847554,368.36200965414344,356.17410308479725,366.02001953125,11113337
2019-10-14,367.50168488954455,379.498433108885,363.4868488389017,376.2005310058594,10930620
2019-10-15,372.8070277101178,374.6710619570704,364.7295360666787,366.7369689941406,8746356
2019-10-16,364.29937227168875,369.7480759253156,360.71467300594105,368.26641845703125,9079900
2019-10-17,368.0274525845258,370.41723236028963,362.3397410542889,368.8399658203125,4877679
2019-10-18,367.9796459540973,369.3657242160188,363.7258318619659,366.5935974121094,4053714
2019-10-22,364.9684676997979,379.020436967431,351.01210744700563,357.6079406738281,11570680
2019-10-23,357.03439413252255,361.3360273037256,339.3499649485433,344.464111328125,13588127
2019-10-24,338.34626943224475,359.7587672090855,311.1504809144372,355.93511962890625,74062675
2019-10-25,353.59309669384197,361.7184071697013,346.6149161458061,358.6116638183594,28275934
2019-10-27,355.60054812946686,358.9462696278502,349.4826998466135,356.6520690917969,2033141
2019-10-29,346.9973108995022,349.5304894191485,337.53374112044,344.0339660644531,36912144
2019-10-30,348.2400048587235,354.979208065253,344.75091425846267,351.7290954589844,17185921
2019-10-31,350.53418402093075,360.18894193881806,347.7142379205397,357.7513427734375,13034332
2019-11-01,347.33192608444324,359.8066016433915,347.33192608444324,356.6042785644531,13938891
2019-11-04,361.5750070234062,364.8729089626638,357.5123518020534,361.3360290527344,7763797
2019-11-05,360.38014856829255,368.5054299989845,358.0381583076756,367.02374267578125,6766429
2019-11-06,368.0274903098158,368.4098372811716,353.92772874762386,355.0748291015625,8335534
2019-11-07,358.2771274659029,358.94627176957215,352.7806040771485,355.361572265625,4906572
2019-11-08,353.6887331842129,359.28083598702904,350.43862062941713,352.8761901855469,6094415
2019-11-11,354.8836416262469,357.46460999895464,352.0159055943352,355.12261962890625,2826663
2019-11-13,355.6961548260858,356.93883439167234,350.0084431760425,352.3504333496094,6544841
2019-11-14,342.12210536056244,350.91652989334375,334.85715759345493,346.5193176269531,21487581
2019-11-15,342.07434085837104,380.93229051718174,341.50077588410744,375.7225646972656,56210391
2019-11-18,378.5425107032925,402.010231155017,374.81444239087705,391.16058349609375,43462375
2019-11-19,408.08027709162087,426.00368417761325,402.87055143182624,419.9814453125,63965674
2019-11-20,428.5368808569733,432.9819128711853,414.0069840799673,418.0218200683594,56689066
2019-11-21,422.99258418836433,422.99258418836433,403.5875180672594,407.50677490234375,22595291
2019-11-22,404.3522459034912,410.9958697029965,398.61674441182964,402.1058349609375,17090583
2019-11-25,402.77494843057235,435.56286887013744,402.77494843057235,431.5002136230469,34112216
2019-11-26,425.3823660751746,427.2941898545849,410.94804898873605,413.2900390625,23906748
2019-11-27,414.3893101102177,417.7350313650463,407.60231802175275,414.2459411621094,13586924
2019-11-28,414.2459786745865,424.3308735618277,409.60978786729197,417.4004821777344,22352772
2019-11-29,420.2204565313676,429.8273954057942,415.9666126895132,422.9447937011719,20386454
2019-12-02,450.3795617670977,464.19255482968697,434.9893318188277,438.3828430175781,56782244
2019-12-03,442.397658805229,444.54846059400194,425.62135135692205,438.86077880859375,24319749
2019-12-04,440.5336111012356,444.30946895832216,434.6547411713474,441.0593566894531,16851755
2019-12-05,442.8756455253911,443.1624131731631,425.71696023462823,427.6287841796875,17642464
2019-12-06,431.97818600227885,432.4561419648346,423.32715930407403,425.2389831542969,11629491
2019-12-09,427.8677310842854,431.69140841651307,422.2278389681769,426.19488525390625,8012971
2019-12-10,425.8125319694605,431.11783700835304,423.7095198700987,427.294189453125,7274085
2019-12-11,424.90447447829024,429.2538682911389,421.1764056558849,423.23162841796875,6931352
2019-12-12,423.37494251443957,424.2830647734644,417.2570943988399,419.31231689453125,7527779
2019-12-13,420.6027734144589,421.27191767568297,407.2199773497723,408.94061279296875,13320154
2019-12-16,411.4260303451648,412.0473552798899,401.91467079121486,403.2529296875,7093336
2019-12-17,406.02506638117035,422.0366501799315,399.1902843937281,420.55499267578125,23423482
2019-12-18,427.2941913004629,427.3897706017841,415.010675924296,418.97772216796875,17986000
2019-12-19,416.77914877152784,436.662170499903,411.2826254296307,429.6361999511719,14236801
2019-12-20,430.06639542697377,440.10350113716356,426.05155908688494,433.7944641113281,21689127
2019-12-23,429.2538124897512,438.9085703347083,426.76845341119264,434.7503356933594,10630886
2019-12-24,434.4635562380795,439.7211013210249,432.45612344933346,436.9967346191406,6974012
2019-12-26,435.228293341905,436.37539358260017,426.3382887664671,427.8199462890625,5997570
2019-12-27,429.2060589181984,436.901174218158,429.2060589181984,435.0371398925781,5997611
2019-12-30,439.72111021035494,444.2139021008331,435.03710027525625,440.1990661621094,12141748
2019-12-31,439.72113418813154,442.1109140772172,434.4635887122091,435.7062683105469,5212590
2020-01-01,435.945225034925,440.1990686939243,429.92295623223606,433.31646728515625,5154996
2020-01-02,434.0811999932944,439.1475569934775,433.5076647238069,435.1327209472656,4933053
2020-01-03,435.6107049188754,438.95639688583697,431.59586861453454,435.0371398925781,5154587
2020-01-06,433.88998753328985,437.2834984688203,425.04777296091777,429.8273620605469,7538915
2020-01-07,432.07380027996186,435.2283037271959,423.56614243512666,425.47796630859375,4353883
2020-01-08,423.08813848652034,440.43800949851493,420.93733687278115,438.62176513671875,14118818
2020-01-09,447.75080439615203,454.01205145203596,435.2283102843843,439.81671142578125,18180867
2020-01-10,444.30949997203527,445.4088105949864,434.1768155394113,436.8533630371094,37724966
2020-01-13,438.7651599810213,449.56701777468317,434.2245785284127,448.2287292480469,15206224
2020-01-14,448.2287692163891,451.81346882381564,446.0301776293807,448.658935546875,8238486
2020-01-15,448.8023031503368,451.1920829098369,444.5006698633042,447.22503662109375,10875259
2020-01-16,448.51550964853055,455.92385668642765,447.3684391300821,453.0083312988281,16290593
2020-01-17,454.15542663121045,481.5901933129002,454.15542663121045,478.0055236816406,61915666
2020-01-20,477.001818816019,490.0978779777431,472.46123703172117,486.2742004394531,45298836
2020-01-21,487.5169123712778,492.2964721698591,482.1637578449721,489.18975830078125,65202963
2020-01-22,492.0574594183589,500.66072588789274,484.3623449103197,491.8184814453125,20285793
2020-01-23,492.29647413912346,502.81153545799845,489.76329554776856,500.56512451171875,15772863
2020-01-24,497.5539726306099,504.1019867939133,491.48391440390105,501.138671875,23824625
2020-01-27,498.1753365578996,500.99528274879066,489.3331213180115,491.7229309082031,11856786
2020-01-28,491.6751189477279,491.722938321801,464.67051684686965,469.5934753417969,31674769
2020-01-29,471.3618788346766,479.2959710331478,466.7256884907598,468.63751220703125,20037283
2020-01-30,470.3103790696423,471.17071166855465,458.9349858393154,468.2073669433594,15337903
2020-01-31,471.4574656757954,477.3841549549805,465.53080611654167,474.564208984375,18356252
2020-02-03,474.18184084045123,490.719170042883,474.18184084045123,487.5646667480469,15212799
2020-02-04,491.3405254559648,499.56138555999587,481.2556312183495,496.0245056152344,14646591
2020-02-05,495.16416841970954,513.8045393021409,493.0611563326566,509.83746337890625,30647706
2020-02-06,511.46252522281907,528.429990072868,510.5544030324323,522.6945190429688,17180298
2020-02-07,524.7019524414599,524.7975911827259,514.5214491651474,515.6685791015625,8967847
2020-02-10,516.3854669162157,519.6834282288445,512.4662401641882,514.9515991210938,8570467
2020-02-11,515.7164139332125,520.6394022252092,509.2639783652011,510.7456359863281,6622800
2020-02-12,512.3706191085745,518.4406767785175,511.4147073230649,515.8118896484375,5160923
2020-02-13,515.9075377119893,518.8231225423267,508.30803206015145,516.1465454101562,5729055
2020-02-14,520.8783475265493,542.5298547409566,510.6978434164507,540.09228515625,37517890
2020-02-17,540.0444318475465,543.6291314346453,531.9669698028821,539.9488525390625,23354434
2020-02-18,538.5149445860964,543.7724600006919,513.6133268230427,524.0806274414062,21865560
2020-02-19,524.8932533615681,529.1948575626275,514.9994864272959,519.4445190429688,22088140
2020-02-20,519.7311800202433,527.6652716846015,514.8559823200537,521.5474243164062,16010058
2020-02-24,518.1061943055333,518.1539839604607,503.86303450126445,506.53961181640625,9834434
2020-02-25,509.50300576365464,514.2347761790385,507.5433326382019,511.6537780761719,9804202
2020-02-26,509.21619333670657,515.6208393080185,497.36284310019516,512.3229370117188,18965240
2020-02-27,511.1279581376633,512.227238962547,503.76740103227826,508.2124328613281,11381143
2020-02-28,501.76001096042006,505.1057026112645,490.8625736897643,500.4217224121094,16934165
2020-03-02,510.45884087918455,512.3706646200219,489.2852919016441,495.4987487792969,10096159
2020-03-03,500.89968333245474,509.8374775203562,491.4839331896901,497.84075927734375,10563605
2020-03-04,501.8556024041265,509.3117391823445,485.03150500095416,493.96929931640625,18066379
2020-03-05,499.7526175037594,507.3043335493963,493.87371759589996,503.6718444824219,14344961
2020-03-06,494.925200218644,500.5650923288987,488.9029314595838,496.26348876953125,9503868
2020-03-09,487.5168953007312,489.4287191532207,469.40226919460775,474.373046875,15664232
2020-03-11,465.5308418798955,486.0830081773819,465.5308418798955,472.03106689453125,21401999
2020-03-12,457.4055720775573,460.27330799004187,438.9563878247566,444.4529113769531,14471096
2020-03-13,433.794403084108,486.6087416423295,401.48446912516283,470.1669921875,24254296
2020-03-16,451.4310580624552,471.2184997312132,436.04082895563585,444.3094787597656,14936276
2020-03-17,444.50067105004524,459.7953209915449,424.761018856035,434.6547546386719,12629709
2020-03-18,439.721148742338,457.6923475989671,389.4877717155459,406.78985595703125,29342689
2020-03-19,398.09098179457465,431.73920624369913,345.8024154426463,425.1434020996094,24017236
2020-03-20,425.3823852396203,451.19209658424086,417.4004730490881,442.2542724609375,19758966
2020-03-23,398.04317721711146,426.05150839309647,381.8881950271548,389.39215087890625,14907385
2020-03-24,392.7856239738352,418.5475438525262,382.50954169990416,386.23760986328125,12947855
2020-03-25,388.62739262008574,418.9299238209553,387.7193001165892,410.18328857421875,14093189
2020-03-26,407.6979413069109,471.6964570331547,401.7234622084563,449.94940185546875,22302573
2020-03-27,449.94940687140826,453.8686635393693,418.2130065951914,429.1582336425781,16378409
2020-03-30,424.28305853489206,429.49281403479625,409.13180742329934,412.0473327636719,10210726
2020-03-31,421.5587140723535,427.29421547440694,405.3081515331468,421.463134765625,17059457
2020-04-01,420.60276022509174,420.60276022509174,394.21951584379923,402.7749328613281,9646905
2020-04-03,412.9554600966426,412.9554600966426,397.27846319282645,405.2603454589844,14419445
2020-04-07,414.05478590442254,464.3359502807825,414.05478590442254,449.4714660644531,15553539
2020-04-08,453.4385175618857,469.45010223244446,433.02972007063954,441.2983703613281,13639333
2020-04-09,450.23614805294096,470.597153781686,450.23614805294096,467.1558532714844,11962829
2020-04-13,469.3544757864456,497.9363432002197,469.3544757864456,489.6199035644531,24416550
2020-04-15,510.4111038217112,512.3229277595403,482.7851171523695,487.994873046875,26277115
2020-04-16,477.9577121112105,490.38462647559066,475.424533642471,478.38787841796875,17401120
2020-04-17,488.47278267160027,489.9066504888873,476.2370571348743,480.2996826171875,16430317
2020-04-20,485.3182720255458,485.3182720255458,465.4352208286028,468.6853332519531,11688508
2020-04-21,462.6630923531286,481.59023277281693,458.0269014181993,478.4356994628906,15781695
2020-04-22,493.25235122290655,494.2560824895933,470.3581959311997,479.2959899902344,18447565
2020-04-23,479.7261353826725,484.9358609325322,469.4022338604788,474.134033203125,12767355
2020-04-24,473.0825676217262,477.00182451432124,463.09325191301707,472.46124267578125,12161869
2020-04-27,476.0936671134724,480.87325631118244,469.45007349537457,472.27001953125,10074370
2020-04-28,475.5201399837747,475.5201399837747,462.7586684083098,464.2403259277344,11729091
2020-04-29,469.3066545630223,476.4282335413902,465.57858644332396,474.134033203125,8371711
2020-04-30,480.9210400557034,493.20455531462824,473.36932428558515,491.6272888183594,20170888
2020-05-04,480.2997559504738,516.1943951127073,477.86218623289835,509.0250549316406,34658164
2020-05-05,514.2825070033607,529.2903595768794,502.8592943539224,504.7711181640625,30498970
2020-05-06,508.30809445412945,527.1396565543213,506.68306777861284,521.9298706054688,26074684
2020-05-07,521.308477337585,521.308477337585,501.3298471937832,504.7711181640625,15823732
2020-05-08,516.194312459686,521.7386250879046,505.01010790411334,506.6829833984375,13847608
2020-05-11,509.5507240217269,524.319627958999,508.64260179128416,512.5618286132812,14490804
2020-05-12,509.5029389927717,539.1362669962961,507.1130998300321,535.1692504882812,23041211
2020-05-13,543.3423924644902,544.6328320062803,525.0843669844073,531.4412231445312,21509772
2020-05-14,526.805065366523,537.702474313872,511.5104135626162,516.051025390625,13428330
2020-05-15,519.5400158753888,532.3493065682974,515.6207890024068,529.6727294921875,14758117
2020-05-18,532.3492766718156,534.3566796462311,511.6058946566986,514.3302612304688,21991328
2020-05-19,533.8787107677311,576.8949208086284,532.4448430436872,572.402099609375,73259076
2020-05-20,578.3288735741761,585.020257270329,562.6518461582049,567.861572265625,36412918
2020-05-21,564.4681010236345,577.8509280990583,559.5929618443705,568.3395385742188,20673544
2020-05-22,570.6814405052777,571.0638171236417,561.1223222454756,567.0490112304688,11630640
2020-05-26,546.7836715819914,551.0374858219357,532.9706781359813,534.5957641601562,77933211
2020-05-27,536.2685384308701,540.6179910799832,529.4337861648889,538.2760009765625,22948762
2020-05-28,539.7576507253165,542.9599733823289,531.4889712855576,537.94140625,16574283
2020-05-29,533.4008280039391,539.136299686609,519.8268426910328,528.2388916015625,55206200
2020-06-01,534.3566903315376,536.8898983640611,525.8968525532061,534.4044799804688,40024637
2020-06-02,538.1803792809844,547.0704434652133,531.5845750616058,533.4963989257812,32573015
2020-06-03,542.9599865320976,543.2467244415465,525.036549036802,527.3307495117188,29783799
2020-06-04,527.9521387804712,559.5929933307756,525.3234104240836,547.2138671875,30007267
2020-06-05,558.2546447973164,563.9901163493918,542.4342489369624,558.5891723632812,48771843
2020-06-08,562.0782484415904,567.5269816528962,553.6662003819577,559.3538818359375,20813563
2020-06-09,554.4309604609533,565.567376457203,540.7613955903032,542.768798828125,15219451
2020-06-10,545.8276774103889,550.607236573744,538.2281723966685,542.099609375,19489440
2020-06-11,544.8718139728406,548.5043030355696,522.5989830775452,527.5219116210938,27803048
2020-06-12,516.1943852886719,537.2245088594348,516.1943852886719,535.4082641601562,19224358
2020-06-15,531.4890257590397,538.8973733708557,524.7976418566956,526.4226684570312,13838935
2020-06-16,533.4007265403063,534.64343561111,513.3265200296148,520.8782348632812,19430678
2020-06-17,522.7422901283478,540.5701463276481,517.150188240813,538.6104736328125,20916747
2020-06-18,539.3753578221539,547.6440385456564,533.5920959454096,536.1730346679688,19692591
2020-06-19,537.1288827475729,552.710330302783,536.2685501292035,547.2615966796875,41924711
2020-06-22,550.4161251116528,562.078286132709,545.2541888852749,555.4346923828125,12954502
2020-06-23,555.4346448199844,558.8281258819522,549.0299998772259,553.2838134765625,9944839
2020-06-24,555.3868381578004,556.3428095033493,530.533069170152,532.7794799804688,12619809
2020-06-25,529.48161134985,538.8495723922226,525.7535427946254,534.3567504882812,15881470
2020-06-26,535.3126306725621,541.4304787794725,532.5882638993571,535.6950073242188,11317405
2020-06-29,534.2610966831817,543.8680640973994,526.9005399076988,542.099609375,13162970
2020-06-30,546.7836215493625,551.5631809951142,532.8272604158766,535.1692504882812,13182057
2020-07-01,549.6513016018725,549.6513016018725,533.6875390043926,535.4559936523438,13894655
2020-07-02,539.9009906116527,542.0040323161227,533.0183897241063,533.8309326171875,13795692
2020-07-03,537.0333056366233,557.7288998945617,535.8861756608237,555.8170166015625,21005887
2020-07-06,561.695938205313,563.3210242070257,549.6991895686749,551.1808471679688,16114629
2020-07-07,553.4750352802521,556.9163658227661,541.0959696894505,542.1474609375,12759442
2020-07-08,546.7835901418717,548.6954138103565,534.356676856861,536.5552978515625,9581306
2020-07-09,539.136266936167,545.1107459626222,535.5994167226507,543.581298828125,8611659
2020-07-10,544.0114682666672,553.4750079108738,540.7135662864175,549.3645629882812,13532330
2020-07-13,549.1734120994461,563.0341942052614,544.8718085134615,560.93115234375,16660491
2020-07-14,558.7325838842052,570.490323986779,553.0448427163351,563.3687744140625,32935464
2020-07-15,562.9864117337357,562.9864117337357,534.9780498165632,538.7539672851562,20062926
2020-07-16,540.9525108654792,541.2393082078473,528.9079735238352,537.94140625,11528871
2020-07-17,538.2759543410782,548.5998257621247,536.9854555534826,541.7650146484375,12189475
2020-07-20,545.827796289084,556.8208441988942,542.5776834621714,550.368408203125,9789671
2020-07-21,554.4308972169441,558.0633860442582,541.3826587797797,542.720947265625,12005925
2020-07-22,542.9601060990042,550.1294470119858,537.9893274020766,544.0593872070312,11034525
2020-07-23,544.8718286822555,550.3683520766258,539.1362975821065,542.1952514648438,9718786
2020-07-24,540.0922296296184,542.3863705747516,530.9154280896341,534.786865234375,9960443
2020-07-27,533.5920059877096,538.8973109517959,520.1613906434688,534.8346557617188,10895560
2020-07-28,533.8787290379707,548.9344298154531,530.81983489794,539.7098388671875,14210206
2020-07-29,540.331196592146,544.0592649169009,535.5516370578101,541.2393188476562,9979767
2020-07-30,550.6072407052578,554.8610543365486,519.1098207586991,528.3344116210938,45326361
2020-07-31,526.6137919954557,534.6435234711744,522.2166090405424,530.3897094726562,13917435
2020-08-03,530.0551491104334,531.9669730512621,522.312214598182,523.2203369140625,9392745
2020-08-04,523.8416954985485,528.9558421203054,521.7864432554901,524.797607421875,12035116
2020-08-05,527.6653055881262,535.7905563573615,522.4555800332774,534.3088989257812,12920232
2020-08-06,538.8658301437595,538.8658301437595,530.1837084062477,532.7260131835938,10620956
2020-08-07,533.3975634879866,540.4967254230951,529.6081463716336,538.00244140625,7346008
2020-08-10,541.3601478801068,542.0317248892165,532.2463742191738,536.1317138671875,9594610
2020-08-11,535.3162671603385,537.71462871321,527.8333552540531,528.69677734375,8290695
2020-08-12,527.6414527732928,538.4341084134174,523.1804590130755,525.4349365234375,12613101
2020-08-13,512.2919625858891,526.0106152255305,502.9383222285612,513.5870361328125,37464752
2020-08-14,520.782109168616,520.782109168616,503.6577316188604,507.1114196777344,18550546
2020-08-17,508.9821451090397,510.85287291440176,497.0382400502004,500.2040710449219,19369462
2020-08-18,500.82769335415867,507.59112649424503,499.0049266775389,504.9049377441406,13771669
2020-08-19,507.49512224883983,517.9520495523949,505.67235565146154,514.066650390625,17395288
2020-08-20,509.4138571050943,511.9081409659912,501.4512139481754,504.18536376953125,13690809
2020-08-21,508.26262507850976,508.26262507850976,495.0236163563457,499.1008605957031,22244899
2020-08-24,496.8463985779416,510.75692507327483,487.5407201869077,505.48052978515625,29714401
2020-08-25,512.7715768898059,513.8748052392406,504.6170884659374,507.1593933105469,19881871
2020-08-26,506.91952584574216,506.91952584574216,491.1862333305442,493.5845947265625,26386996
2020-08-27,493.48865760590485,497.42198807503564,487.3488108563728,490.3707580566406,22268191
2020-08-28,491.28216764531487,508.0228260365565,491.28216764531487,502.1707763671875,22217757
2020-08-31,497.4220186512216,501.0675519507617,487.8765041986451,492.24151611328125,190329697
2020-09-01,496.46266776482946,532.8699517416219,493.2968364364072,524.0439453125,75732733
2020-09-02,527.6414338828196,536.2755342244799,522.9406339883652,528.1690673828125,35680638
2020-09-03,528.1691626089935,530.423640445112,513.8748556599752,516.1293334960938,25084656
2020-09-04,509.89353914214234,516.1292787405151,498.38134484568116,501.8829345703125,28610361
2020-09-07,503.6577359562878,506.5357695945944,489.55533533659906,494.4959716796875,16450037
2020-09-08,495.02362829248705,495.83908909068356,473.91798764099264,477.851318359375,33745174
2020-09-09,473.19849165236405,486.0537512651052,471.1358887971372,483.7513122558594,32068518
2020-09-10,487.3488364408871,487.3488364408871,471.2317938022418,477.13177490234375,21400064
2020-09-11,479.0025112842905,482.024458696732,468.68952703569033,471.66351318359375,15888599
2020-09-14,475.8366518342078,477.0358325097661,449.2627126185383,454.8269348144531,53032505
2020-09-15,455.83426735667655,467.82610464237865,450.941592017392,465.8114929199219,31436333
2020-09-16,467.20257434495,470.7521555141326,461.01476556246286,462.1659851074219,13379581
2020-09-17,460.48711561170256,462.74159335437776,454.73101809139223,459.52777099609375,13750507
2020-09-18,463.3651340460751,477.4196037812423,455.97817478626104,474.44561767578125,55830089
2020-09-21,475.83664878742667,475.83664878742667,442.4993069137428,448.73504638671875,23162880
2020-09-22,449.45459255985355,459.04806789914824,442.25947859871866,451.80499267578125,18950065
2020-09-23,448.01555754246687,448.01555754246687,406.6676691064613,416.16522216796875,86810146
2020-09-24,407.96274447541646,415.8773665147158,399.23269153274885,402.254638671875,36458719
2020-09-25,407.7229646957757,426.86198577305674,404.9888443933,421.7774353027344,34232784
2020-09-28,427.86925422147067,429.4521846748334,416.40505094689604,425.6147766113281,21445626
2020-09-29,425.9505648586724,426.4781984006053,412.04000910476225,417.89202880859375,18187111
2020-09-30,420.1944637077568,422.4969025574419,401.1513968490343,403.83758544921875,27686374
2020-10-01,408.68231391786304,416.9326952357397,406.4278362496104,414.774169921875,13593932
2020-10-05,414.7741765923284,419.7148132097372,405.80425686558476,407.1953125,15282146
2020-10-06,409.6416610986772,412.51969486874174,405.90020526693064,409.4018249511719,11078299
2020-10-07,410.40912267910846,414.19853969999286,403.981478261246,405.276611328125,10393534
2020-10-08,408.68232049034634,417.7961240110009,402.06280099738615,407.1953125,17018635
2020-10-09,410.600983490035,417.31642508377973,406.09202836871714,407.914794921875,20948615
2020-10-12,410.6009758378657,413.09525965992356,395.1074902514239,398.1773986816406,14326607
2020-10-13,404.02944951575245,410.12130513868925,396.30667241015203,398.417236328125,28303313
2020-10-14,399.4725700181496,402.44655621241964,394.5798945991857,396.45062255859375,14374547
2020-10-15,396.59453014693776,398.6091418715511,378.9425179643506,382.9717712402344,28378188
2020-10-16,388.0083320951088,390.74248189661165,382.1563125767965,385.3221435546875,23786283
2020-10-19,387.14489805555894,388.2001948998245,377.9831342342275,381.53271484375,17237471
2020-10-20,381.5327410438293,396.4026414439299,380.8132326205976,388.5359802246094,26395238
2020-10-21,389.2075512520142,403.1181079408316,387.14494838160425,401.9668884277344,23929199
2020-10-22,401.966873818614,414.7741717946899,401.0075292303424,413.1432800292969,27014551
2020-10-23,417.22048649388176,419.81072279765897,409.92944986744766,416.7408142089844,18512271
2020-10-26,416.69285722301447,421.58553247518296,410.6010012462933,416.4050598144531,11956996
2020-10-27,416.4050371247228,421.0578759784496,410.1213066091397,415.7334899902344,13021129
2020-10-28,427.86926164770733,468.1618829672372,424.03185351759873,433.4814453125,125905730
2020-10-29,429.5001654466887,438.51804647022306,426.9099290538276,432.4741516113281,25537340
2020-10-30,436.4074565776012,436.4074565776012,412.9993482428485,416.1172180175781,23483928
2020-11-02,417.316456320784,441.3001610498711,417.316456320784,438.80584716796875,28703578
2020-11-03,439.3814430360374,441.9716794543616,429.26033351579565,436.1196594238281,16337850
2020-11-04,434.584729163394,437.031052010945,428.9725451672566,434.6326904296875,10191499
2020-11-05,438.4221024813459,443.1229030553896,434.2009742178512,438.70989990234375,9407770
2020-11-06,438.42211316275404,441.6359356177266,430.5074900192107,431.6107482910156,12195207
2020-11-09,437.75052220645915,455.4504947470225,434.1529801491581,452.62042236328125,24953555
2020-11-10,454.7310087486504,454.874922368698,446.0968775589075,447.4399719238281,9800899
2020-11-11,448.9269507327271,461.7822100937159,445.1854948726383,459.1440124511719,16032885
2020-11-12,457.4651668449268,463.5570230327663,455.73835250705815,460.34320068359375,14785276
2020-11-13,457.60906161758936,458.56840619096084,450.89361977733296,456.40985107421875,8428163
2020-11-14,467.202541977766,467.202541977766,459.5277554852912,461.9261169433594,4014491
2020-11-17,470.9439983406852,474.82936776868183,461.6862813442602,464.8521423339844,19050384
2020-11-18,464.27647319665977,465.28380877503554,451.9488487462732,458.95208740234375,10504589
2020-11-19,456.64968650231657,461.87815021098925,448.01555552884076,449.5025634765625,11541941
2020-11-20,451.37329780728686,466.19520744645706,446.4326612608968,464.03668212890625,12090462
2020-11-23,466.96267981261605,466.96267981261605,455.78627428345277,457.848876953125,10193531
2020-11-24,458.9521478111726,461.6862978704717,452.044860591177,454.9708557128906,9346208
2020-11-25,457.1294041521323,458.4724687024039,440.00502541293224,445.23345947265625,14497115
2020-11-26,449.6464705168141,450.5578538725468,441.3960888761349,449.3586730957031,11535113
2020-11-27,449.26274391320845,453.4359108508384,443.2188490260656,444.41802978515625,18491882
2020-12-01,448.7350752639344,462.8854677088412,441.779826942643,459.95947265625,18534936
2020-12-02,461.44644095325435,468.06593045513,454.7789603612767,465.1878967285156,20948620
2020-12-03,467.2984612325972,469.2651414757644,454.7309995576884,460.39117431640625,20094168
2020-12-04,467.05864204553876,477.5635013316825,463.74889717109005,473.67816162109375,31622330
2020-12-07,477.75536436321863,489.7472313606704,474.4935808349503,488.2602233886719,22541162
2020-12-08,493.10491046927075,495.2634356732541,479.3382686678843,483.127685546875,19661141
2020-12-09,484.3749031100241,486.29359236167744,478.8106804189031,482.60009765625,11826802
2020-12-10,481.113066105761,488.0683441296547,474.0139042910218,484.6147155761719,13441906
2020-12-11,487.8285027465075,487.8285027465075,477.08380778589094,483.8951721191406,14019094
2020-12-14,486.3895148935969,491.18626784938823,480.7773309365162,482.60009765625,14147649
2020-12-15,485.2862393031063,486.1976226304079,477.85131871861233,483.7033386230469,13320211
2020-12-16,483.70332013395387,497.70979835781577,481.68867867271746,495.2154846191406,17707777
2020-12-17,495.9829540424923,501.25937891825964,491.18623127057265,494.16021728515625,20023766
2020-12-18,493.00898229366476,493.9683268177688,484.51873553269644,489.8910827636719,11000487
2020-12-21,486.8691365820452,490.41871729385144,460.6309862446079,470.9439697265625,15539470
2020-12-22,473.9179887472816,484.4708090976627,465.81149114388694,479.9618835449219,21632475
2020-12-23,479.9618704214591,488.78784640167,478.1391038138106,486.58135986328125,13326963
2020-12-24,498.86104941599876,501.7390832630943,489.69925464809427,496.27081298828125,21241048
2020-12-28,498.9569487196128,505.5764381904471,495.59924272097487,500.3959655761719,13124256
2020-12-29,501.73905815686277,503.6097860291981,494.1602241414144,499.1008605957031,11457626
2020-12-30,502.1228196083254,502.1228196083254,492.433391526309,495.16754150390625,10691466
2020-12-31,496.07895905913347,497.3740624143815,485.71798308385485,488.9797668457031,15816475
2021-01-01,491.42607970995465,495.40737164096515,487.54071030612124,494.20819091796875,10377082
2021-01-04,495.98293559159083,499.34067123368027,490.80246325997234,496.0788879394531,13489114
2021-01-05,493.1049499511719,495.88706125639266,490.32283864595115,493.1049499511719,10689423
2021-01-06,494.06425425604414,510.1333348480027,492.24148771144587,503.945556640625,30837593
2021-01-07,510.37318908583387,531.9105389902629,505.6723293949427,523.0845336914062,39444841
2021-01-08,526.9699041753314,527.4016151964311,515.4577097015273,518.287841796875,14538362
2021-01-11,519.4870098846723,531.8146655458463,519.4870098846723,524.9073486328125,19892197
2021-01-12,526.6821091581937,545.8690591794078,522.8446714313036,542.7511596679688,25857074
2021-01-13,564.0967432104779,577.2398007341314,543.9504458662902,554.7431030273438,85239439
2021-01-14,559.0120966772001,561.0267081695914,546.8763471572105,556.9495239257812,16974338
2021-01-15,584.7706123767297,585.8259391050469,569.6609058780044,578.151123046875,57451072
2021-01-18,578.1511001076736,578.4868885830567,560.2592831914147,563.08935546875,21359539
2021-01-19,567.0706745049511,573.1625306701333,562.6577012327377,568.221923828125,11034273
2021-01-20,568.2219107167824,578.0072612980542,565.0560497177476,571.9154052734375,13333007
2021-01-21,575.8486629004337,579.4941959192588,551.0495296349707,557.7169799804688,17380638
2021-01-22,560.163336657322,561.7462969610498,549.4666029045735,553.3999633789062,12662954
2021-01-25,555.4625356286857,563.9528126436778,546.3967234542322,557.1414184570312,12503932
2021-01-27,556.4218302611732,558.1007129388358,539.4893583208236,547.5958251953125,15567653
2021-01-28,543.470705624369,552.4405948951204,539.8731338024901,547.6918334960938,15201598
2021-01-29,554.9828433494745,554.9828433494745,528.2170591599357,531.0950927734375,25521965
2021-02-01,536.2756108542973,557.4772343209933,526.8740097219695,555.6065063476562,14212955
2021-02-02,561.1226359050754,581.0291236788659,555.7023573981699,574.9852294921875,21711996
2021-02-03,584.6266935644857,597.1941541471633,575.0811502391821,584.0990600585938,30641248
2021-02-04,589.9030985952667,597.6738368482087,571.4356869527874,576.1844482421875,51976676
2021-02-05,579.2543291047465,581.269000306183,552.8243340640802,557.4771728515625,35465208
2021-02-08,565.0560320368514,579.1104715566557,560.9308265797117,573.0186157226562,21646080
2021-02-09,574.5536012336204,583.043878795816,570.8121452294827,574.6015625,20927436
2021-02-10,580.3576984320059,583.0438873083792,556.6617901753963,566.207275390625,31642664
2021-02-11,567.9340226991511,579.014505183286,565.0559892456035,573.7860717773438,19253595
2021-02-12,573.5462920965447,573.5462920965447,560.8349459381446,562.4178466796875,15905053
2021-02-15,568.0299425156786,578.4868689311423,566.0153310384371,569.56494140625,17972742
2021-02-16,570.8121154183088,577.143837396162,568.8934262500657,569.8048095703125,15064854
2021-02-17,572.6828184556667,574.4576237552201,566.0633291819963,569.7088623046875,16436661
2021-02-18,572.7307992442063,573.6901438193793,561.4105093958402,565.10400390625,22193564
2021-02-19,566.0153517936766,571.7714188844684,552.104796670954,557.7169799804688,19465126
2021-02-22,558.3406380620002,561.1226896444498,544.9097541771671,547.1162109375,20227667
2021-02-23,551.6251380289715,553.5438271065938,541.0722884487383,542.559326171875,23764401
2021-02-24,545.0056692170823,550.7617366657897,542.2235580195445,549.6585083007812,8888950
2021-02-25,556.325984985616,560.6910566922793,553.591834924075,555.6065063476562,16230241
2021-02-26,551.1454703121035,562.1300309908667,529.320292393905,533.6853637695312,198547005
2021-03-01,535.3162048167061,536.3714718464087,499.82033866147185,510.5650329589844,55091122
2021-03-02,518.5277027245752,521.8854090675248,507.3512955685766,519.1992797851562,30622757
2021-03-03,526.4422580116764,528.3609471024429,518.0479634129173,524.0918579101562,24669015
2021-03-04,518.0479953779627,523.8040630054282,516.1293061688075,517.6642456054688,17678275
2021-03-05,513.2512187014247,516.6089244664423,503.08211923329594,511.140625,16658703
2021-03-08,509.4138959891977,513.6829854620996,503.4179623597729,504.329345703125,15293359
2021-03-09,508.55046078000146,510.37322741964135,493.39273284334195,500.53985595703125,20181762
2021-03-10,499.05289685517863,508.93413988804605,495.35940239189716,504.47320556640625,19013738
2021-03-12,508.9821435893666,511.0926776951095,500.3479831616923,502.8902282714844,11624491
2021-03-15,506.34394599587046,506.34394599587046,495.4073759497052,501.5951843261719,10875944
2021-03-16,502.6983786402922,512.0520175538363,502.6983786402922,507.7829284667969,13252045
2021-03-17,507.30330309097803,509.41389702583604,497.9017020477808,501.6431579589844,8482758
2021-03-18,508.31061694347903,510.56509470928137,494.40009004779586,505.76837158203125,12465338
2021-03-19,506.53579672776505,513.0114025874835,504.1374352340386,508.4065246582031,49597558
2021-03-22,511.38054102819405,512.2919243618456,501.7390741279815,506.5357971191406,13581706
2021-03-23,508.16672691062774,510.80489477158795,500.9236213893662,507.7350158691406,15239339
2021-03-24,506.5357765924721,511.7642700596035,500.30003695666005,502.36260986328125,10801499
2021-03-25,502.1228233180278,502.36262964065173,479.24234730065837,487.1090087890625,17572322
2021-03-26,491.2821738831966,503.56183836938976,489.8431569927813,501.2593994140625,11148490
2021-03-30,506.34394355680433,506.43986608435364,495.26345994534006,500.300048828125,10691124
2021-03-31,501.11552715888484,504.521194579283,495.2634772804717,496.27081298828125,7712521
2021-04-01,498.81307918561936,502.6025263681027,493.63260611352274,499.6285400390625,7111516
2021-04-05,499.62851220353195,507.49514390832604,493.6805398768276,506.7756652832031,9376649
2021-04-06,507.01542248213747,515.9853711945351,503.2260057045894,510.5650329589844,13115141
2021-04-07,515.1699734253468,524.667497159996,513.4910905020247,519.5829467773438,21391503
2021-04-08,524.5715587227451,526.2504415951628,518.5276638966814,520.926025390625,11367448
2021-04-09,517.5682729229572,527.4015839936803,514.6902393881079,523.0845336914062,11641539
2021-04-12,515.6975765099385,516.9447483121806,497.4220087646703,501.21142578125,9869735
2021-04-13,505.00085262200105,518.047986749601,501.83499161829826,514.3544921875,6657701
2021-04-15,518.0479945725741,523.948005638874,508.6943548658271,517.4244384765625,9989813
2021-04-16,518.0960010522417,522.0293619908155,516.1293504096147,518.767578125,6273393
2021-04-19,510.61301990327723,513.2512472635468,501.97891888417786,505.0487976074219,7368743
2021-04-20,507.49511305983026,515.1699290656128,504.5211569039096,508.6463623046875,7369109
2021-04-22,508.4544672046745,511.7162506467271,504.6650502187576,509.2699279785156,6675147
2021-04-23,507.4951025297753,510.80484710343563,497.99757980999414,501.35528564453125,7123670
2021-04-26,501.4992468542547,507.0154482369836,501.4992468542547,506.10406494140625,5929161
2021-04-27,506.0081832642224,516.6569564420116,504.8569935628316,512.5797119140625,9875033
2021-04-28,514.1626721725005,525.7228287161203,513.8268836541428,522.1732177734375,12195400
2021-04-29,527.3536821356224,527.6415093828523,517.1845814443727,518.8634643554688,8846896
2021-04-30,511.8122744918644,524.763427135552,511.8122744918644,514.9301147460938,8331737
2021-05-03,508.45448507320566,539.6333037461833,507.54310174178096,536.1317138671875,14556346
2021-05-04,542.9429714950952,542.9429714950952,524.4755608190995,529.9918212890625,14196229
2021-05-05,534.2609557965541,541.9836733923983,531.4788446947854,537.1869506835938,12095639
2021-05-06,537.1869562021776,541.4560454222014,530.1357558518041,536.0357666015625,9169742
2021-05-07,538.3861652281357,549.6105322429654,534.2609598062792,545.389404296875,12894499
2021-05-10,548.7471467017602,553.5438697654757,545.9650353941423,549.2747802734375,8365615
2021-05-11,542.5114067585849,551.481296784383,541.1203511046742,545.2935180664062,8033470
2021-05-12,544.9097518350457,546.0129802104702,535.5081510520664,538.913818359375,6815070
2021-05-14,541.0722807033699,546.2047918085316,533.5414082855125,537.61865234375,7697716
2021-05-17,541.0243145073039,541.0243145073039,523.6121697786473,527.3056640625,13677009
2021-05-18,525.2431230780303,530.4236559524753,512.8196034624245,514.5464477539062,34968901
2021-05-19,516.0333698582725,518.5756150965178,504.8090024924743,506.7276916503906,19583966
2021-05-20,509.41385148469675,509.41385148469675,498.8610020604518,499.48455810546875,14036583
2021-05-21,501.9789155429372,511.6203223180925,500.77970502716636,509.3658447265625,10492773
2021-05-24,509.4138346643439,511.33252365025163,504.61705254626696,505.3845520019531,6386039
2021-05-25,508.358515163658,509.22193715014606,503.1780428980381,504.7129821777344,9412913
2021-05-26,507.4951288569466,509.22197295132963,503.6577505612623,504.3772888183594,6908901
2021-05-27,504.71302386014133,505.57644591793627,497.6138619952801,498.6691589355469,22783169
2021-05-28,501.0195032112394,507.01543638621047,499.2447277508,502.31463623046875,10248988
2021-05-31,504.13742387544806,514.2106015754571,503.75367411443517,513.1553344726562,12803471
2021-06-01,515.601643659412,516.5130269479337,508.74228836439755,511.236572265625,8435896
2021-06-02,508.35854223415487,512.867497446672,506.53577564412933,507.97479248046875,10567595
2021-06-03,508.45449347124514,511.7162770818003,507.01547655364567,510.42120361328125,6290021
2021-06-04,512.2438881333243,514.0186336230095,509.6056610476191,511.044677734375,4878809
2021-06-07,512.2918729540787,519.0072844678194,511.33252845211575,514.6422729492188,9674473
2021-06-08,516.225199818249,525.7227824561999,512.2918990901934,524.571533203125,12822963
2021-06-09,527.5454967501335,529.0804957756774,513.5869796514575,518.0479736328125,12674395
2021-06-10,521.7893760163468,525.578792623267,518.3837091265779,522.9885864257812,7018193
2021-06-11,523.3243989409814,527.4016434012748,518.0959647983993,518.8634643554688,7777365
2021-06-14,518.8634553811917,518.8634553811917,507.78297152756386,517.4244384765625,5714387
2021-06-15,519.0073332095689,521.5496381358429,516.5130492008801,520.4463500976562,7264778
2021-06-16,521.6935481480045,521.6935481480045,513.1553689189102,514.9301147460938,10045600
2021-06-17,517.5682996960157,519.247182504845,505.6243942899103,507.1593933105469,10214732
2021-06-18,509.79755455126315,519.8707319696543,497.9016702123159,516.8487548828125,15000348
2021-06-21,513.2512723550748,519.870762057323,511.33258314591956,517.6642456054688,5742834
2021-06-22,525.7707666136325,526.6821499420122,513.7309382874855,514.5943603515625,9114558
2021-06-23,516.1292605686167,517.280450131076,511.0447107522513,512.33984375,4767421
2021-06-24,513.2512742030274,513.682985241973,505.96020745933464,507.2553405761719,6419922
2021-06-25,509.70169540288936,514.1147285999051,507.83096733429585,513.3472290039062,5504204
2021-06-28,515.1699351734607,515.1699351734607,508.88617464739457,509.605712890625,5265796
2021-06-29,509.6536970785148,510.6130416771014,502.69841891210507,503.60980224609375,8713975
2021-06-30,505.57641352128013,508.8381968343207,503.03416842806615,504.2812805175781,5760552
2021-07-01,507.4951150520253,509.4138638009862,500.77970321725087,501.40325927734375,6575188
2021-07-02,504.2333096166211,511.33253054416224,498.8609923143101,503.65771484375,13309063
2021-07-05,506.53579127282006,507.01546356639966,502.0268955744968,502.65045166015625,6373586
2021-07-06,502.2186983915644,506.24798111073915,499.9162596453657,504.7129821777344,10494366
2021-07-07,501.9308935644311,509.03011481293237,501.9308935644311,508.0707702636719,6669192
2021-07-08,508.45445208745895,511.1406406430049,502.26667388008127,503.945556640625,5400962
2021-07-09,504.13745480312537,515.649650073195,501.7390932163018,514.450439453125,7303645
2021-07-12,517.0407343900025,517.0407343900025,507.1594602437875,508.1188049316406,8932790
2021-07-13,511.8601777844853,513.7309055864682,506.72766664434494,508.5024719238281,8138019
2021-07-14,507.495106477652,509.7975452841932,505.2406885856706,508.5024719238281,6666859
2021-07-15,510.8528488331744,510.8528488331744,503.6577055189186,504.08941650390625,6886797
2021-07-16,505.5764172078885,521.3097391039412,504.5691114154338,519.1511840820312,11251138
2021-07-19,517.0886076442714,522.5569072262547,507.7829299640442,516.5609741210938,9130551
2021-07-20,514.6423115513027,514.9780403948562,501.7390614134201,504.3772888183594,7646460
2021-07-22,509.50976392669065,525.7227576561702,502.36258174094814,524.4755859375,20220601
2021-07-23,525.4349642722435,537.8585420389364,511.0926973707166,526.0105590820312,33200836
2021-07-26,522.8447329744588,531.3350105109347,520.0626216129732,521.933349609375,5214592
2021-07-27,523.6121498693037,523.6121498693037,514.3544338814359,518.5755615234375,5835018
2021-07-28,517.5683233688662,547.499970493946,515.985422666411,544.8137817382812,32532037
2021-07-29,550.761750240828,553.2560939193979,542.0317263257755,544.0942993164062,15844335
2021-07-30,542.8950555612336,545.3893990873551,535.124376719537,538.81787109375,10125413
2021-08-02,542.9910589311802,546.7804759766144,537.2349318144198,542.1755981445312,6372299
2021-08-03,544.9097302793779,558.3406135751804,539.2495855279512,556.61376953125,21680353
2021-08-04,551.6251553575812,563.0414273120343,547.1162000915393,551.049560546875,21816567
2021-08-05,554.0235537084562,593.8365349334643,554.0235537084562,574.3617553710938,72423461
2021-08-06,570.3324548648322,591.8698664936028,564.5763872416313,583.187744140625,29055626
2021-08-09,585.2023270723018,587.7925931672287,573.2584813767479,574.8893432617188,10078649
2021-08-10,577.7194211036256,602.470594412516,574.0738878927596,596.9063720703125,34514358
2021-08-11,596.9063404275245,603.6697729449315,588.7519120516172,595.6112670898438,18731287
2021-08-12,597.6739262565753,603.3820329097863,591.9178583360248,597.8178100585938,8430316
2021-08-13,597.8177490550958,612.8315331064593,592.973065015,611.1527099609375,21079044
2021-08-16,612.783615106274,617.8202042050438,606.3080090726154,608.2747192382812,10506327
2021-08-17,608.2746842790358,612.0641012884536,597.6738731132937,600.8876953125,11311229
2021-08-18,600.4559879860515,608.2267267583115,595.6113038525518,597.6259155273438,7136872
2021-08-20,594.3161755604162,607.2673870672172,582.3243086353551,588.751953125,12770173
2021-08-23,593.2608901821563,604.8690081536104,582.8999441152887,597.338134765625,12790616
2021-08-24,602.4226577115103,602.4226577115103,591.9657895887118,594.8917846679688,5885050
2021-08-25,597.050317185712,597.050317185712,586.1616787855507,587.552734375,8127668
2021-08-26,585.2023507488303,586.6413676420176,560.5470992002511,563.0414428710938,26316897
2021-08-27,564.8641987268874,580.789366429486,561.266626736086,570.9560546875,16444274
2021-08-30,571.7714981778346,599.5926122815164,566.1113528229442,595.2276000976562,40506274
2021-08-31,600.5998999183114,640.9405141409372,599.5925940337163,637.0551147460938,60781970
2021-09-01,640.8445693722518,645.9291195377247,627.4136855193037,639.3095703125,30796359
2021-09-02,642.7153235344391,646.3607973169829,637.0551186636848,639.4055786132812,18951106
2021-09-03,640.8445951426986,642.379534610862,627.4137107496509,631.6828002929688,7920313
2021-09-06,637.3908582763106,638.685991316524,626.8380682122955,627.9892578125,10223448
2021-09-07,631.2030441367671,652.8363162283679,621.6575007746226,643.2908325195312,28185127
2021-09-08,650.438011809454,656.002234238517,637.9664726077632,640.7006225585938,20876941
2021-09-09,640.7005650669507,660.2233030805486,639.9331252632873,658.2566528320312,19784500
2021-09-13,663.8689170107858,668.665640068769,657.968905892146,665.1160888671875,19704664
2021-09-14,666.7469320631694,671.2558874026442,661.0867870835337,665.9794921875,11694600
2021-09-15,668.6656393695804,705.072892613565,667.8502382078964,696.007080078125,56796797
2021-09-16,705.120896049818,707.0395852234345,686.3176347724132,689.3875732421875,45001991
2021-09-17,691.6899599889846,704.8809768889118,691.6899599889846,698.5492553710938,26649321
2021-09-20,695.5273924164829,703.8737261363591,691.0184370542565,695.4794311523438,14330899
2021-09-21,693.5127781569445,710.6370969109249,692.6493560989883,697.1102905273438,14216876
2021-09-22,697.4461051569226,702.290849185106,694.6639938229766,697.206298828125,16348622
2021-09-23,703.5858119677858,710.0134557146798,693.8004625728043,697.254150390625,26497345
2021-09-24,699.4127467569435,722.3891754288528,698.4054408821937,709.342041015625,72175065
2021-09-27,714.4501095980414,715.3297573973134,701.8910583453667,706.19140625,11282248
2021-09-28,707.9994520080022,710.3450796996624,670.4688124083684,680.3890380859375,21944239
2021-09-29,681.219804392034,686.1066035627086,673.5475535553991,678.3854370117188,16729859
2021-09-30,680.0470577122863,693.7300973429292,671.2508179497302,672.7168579101562,13911568
2021-10-01,671.7883186003401,671.7883186003401,652.5343758574439,660.5975952148438,14952128
2021-10-04,659.7178955895786,670.6643377878012,654.5379003400559,665.9730224609375,8917898
2021-10-05,668.9051141715344,687.5238076330542,664.9956747191077,683.4188842773438,25598885
2021-10-06,689.7717334451634,691.9219371060128,672.6190795281992,675.7466430664062,10406502
2021-10-07,679.9981359158182,686.3021190669724,675.648872522956,676.8217163085938,8121590
2021-10-08,679.4117320892324,683.7120796910492,673.3032329503063,679.7537841796875,6297352
2021-10-11,677.4081051276938,680.2913286880167,669.4915140058836,675.2090454101562,8792050
2021-10-12,675.3556602761828,682.5881470695534,668.7096251882083,670.8109130859375,8579567
2021-10-13,673.4009918500066,681.0243873742492,667.6345444009951,674.2806396484375,7062149
2021-10-14,677.3104410257359,678.2878009694961,666.4128537914843,670.2734375,9820591
2021-10-18,684.1519063398185,686.0577700095705,664.2626569239787,665.1911010742188,8574445
2021-10-19,683.1745757872783,683.1745757872783,660.1577618813312,665.6798095703125,7328862
2021-10-20,667.9277905622099,697.7372680049622,665.9730707298983,692.41064453125,21217306
2021-10-21,694.8540066227389,696.2222746391333,673.5964295996674,680.2913208007812,8908979
2021-10-22,682.685867694061,689.3319028647867,668.7584895771814,678.7764282226562,6587256
2021-10-25,677.3104379217418,688.061397253833,659.7179590146836,675.4534301757812,9540441
2021-10-26,679.2651444465066,693.7789153981741,673.4009849261051,680.43798828125,10953878
2021-10-27,683.5655055876232,698.4702433576061,678.287738515944,686.4486694335938,11878571
2021-10-28,686.8396505125626,690.0649261616816,668.9051207105571,674.1339721679688,8884507
2021-10-29,676.5284463260814,685.1292003917791,661.721421914209,669.83349609375,8602343
2021-11-01,674.329443691216,706.4356910572762,673.9873319500789,696.368896484375,17121001
2021-11-02,696.3688880744598,706.7288785479977,693.4856646072087,697.7860717773438,7725455
2021-11-03,709.3189428607549,715.916122143304,680.2424860228527,683.2722778320312,23261507
2021-11-04,688.0613572666139,688.843233241936,683.3700417613677,685.2269897460938,1064714
2021-11-08,691.4332852116582,698.7146285239644,688.0613815673483,692.9481811523438,7565546
2021-11-09,695.5869998123767,700.2294589839913,689.1853048853384,697.0530395507812,5278131
2021-11-10,701.2557546453982,721.2916333495524,691.3355274256733,718.7993774414062,15180490
2021-11-11,718.3595586536478,721.8780305898083,707.8529392583733,712.1044311523438,7421118
2021-11-12,716.4048349038017,728.1331541655284,708.8302953806033,726.6671142578125,9207508
2021-11-15,723.2462891691912,729.110448270563,719.5323336689846,720.8517456054688,5454742
2021-11-16,724.5657452480982,725.2499091156014,710.5895104690225,713.7659301757812,4639931
2021-11-17,708.1461668175394,715.7695627872771,700.0340908541862,703.748046875,8002927
2021-11-18,704.2855011640725,707.071012596252,691.9707906161274,698.177001953125,4469597
2021-11-22,723.2463351352454,738.83523766781,716.5025278787394,725.2987670898438,36884348
2021-11-23,728.1331184837996,743.7708767331161,719.0436834320471,741.7184448242188,18240414
2021-11-24,746.7029564048629,764.0999505265648,739.1284172528502,741.7184448242188,21653712
2021-11-25,741.865034038544,751.1010971969378,735.7565345493041,747.8269653320312,8483653
2021-11-26,745.7255737924334,745.7255737924334,716.502490093109,722.0245971679688,11142921
2021-11-29,734.9745875472922,737.9066670188905,710.638304071703,722.6109619140625,15885643
2021-11-30,723.2462456150232,733.2153274176756,706.289077096048,711.7622680664062,14272616
2021-12-01,716.404812367493,720.7052198228394,701.9887537284474,705.898193359375,10488561
2021-12-02,707.5108386779667,719.0436732935625,697.9815798791517,715.9649658203125,11507427
2021-12-03,713.4727539427089,718.0175015106569,700.0829108764085,702.0864868164062,11024093
2021-12-06,701.7443783521873,705.5561056613859,678.1411139097967,681.8062133789062,8804487
2021-12-07,686.4487138108994,689.7229053246825,678.3854944960339,683.0279541015625,10238693
2021-12-08,689.0387571308672,702.7217962795653,686.3998733643836,698.958984375,8296393
2021-12-09,700.5715234683173,707.559670206459,694.9028483100926,697.7860717773438,9069515
2021-12-10,694.9028762097641,702.6240431400868,690.9934366811578,694.6096801757812,4251339
2021-12-13,698.812307990128,702.1353554139237,682.5392422714106,687.1817016601562,9896899
2021-12-14,685.1292226207099,690.3092176513746,672.8145129513329,675.9420166015625,9275631
2021-12-15,676.0886907053196,679.1673981600261,668.6118638314963,669.9313354492188,7674319
2021-12-16,674.2805811461395,674.2805811461395,662.2590073260808,665.9730224609375,9633006
2021-12-17,665.5821241994204,670.1757278830021,646.1326373842486,650.9705810546875,13850460
2021-12-20,644.2267546403264,646.1814742967899,630.4948013310214,643.3471069335938,11812939
2021-12-21,648.9181121121394,655.7107752910306,644.2756526259401,651.8990478515625,8084499
2021-12-22,651.8990541355764,670.4688922593784,651.8990541355764,669.2471923828125,8522226
2021-12-23,673.4009340289767,673.4009340289767,660.2065761053321,663.3829956054688,5602466
2021-12-24,666.6571520584864,667.3901719704346,657.4211488905897,661.7214965820312,3756020
2021-12-27,659.6689908113682,662.9919782480597,653.5116361712488,660.4508666992188,3658572
2021-12-28,664.4580805494065,668.0254679190041,659.7667651267241,664.653564453125,3892590
2021-12-29,664.5559136657266,668.0255295770507,659.7179699553902,661.5260620117188,3847574
2021-12-30,662.1612685717674,670.2733430309886,658.9359931425962,663.9693603515625,5701612
2021-12-31,665.093449663713,678.3855211961061,664.6047696860028,668.3187255859375,4598628
2022-01-03,672.2281052084564,676.9194206436965,667.6345018986812,675.6488647460938,2939833
2022-01-04,676.5773846044389,687.3283434063874,674.7692926672548,681.65966796875,6473875
2022-01-05,685.0315031442472,686.8395949009487,676.088637172154,684.15185546875,4586105
2022-01-06,686.1066206130769,704.1877779939058,684.1519008962305,694.3164672851562,21642414
2022-01-07,697.7372675875106,698.9589674819745,685.5691247079877,688.7455444335938,4315015
2022-01-10,689.4296920463602,695.2449356842152,687.7193122344466,688.9898681640625,3565324
2022-01-11,687.0839798443861,693.4856749805527,678.8741331798,687.5238037109375,10642484
2022-01-12,691.9219550552933,716.1116126474038,688.2568554201251,713.668212890625,12366953
2022-01-13,712.4953379165026,718.994804846613,709.7098861769192,715.23193359375,5829874
2022-01-14,713.4238733488368,714.3523771876403,702.1842344608184,704.2855224609375,5344096
2022-01-17,703.699159497451,718.1152186677112,703.2593355921016,712.1044311523438,4340924
2022-01-18,710.5406282174076,714.1568716809511,696.4177661110347,698.177001953125,4312058
2022-01-19,697.8349837342222,698.8123436554187,685.8134686341698,687.7681884765625,5879490
2022-01-20,690.0161010293049,703.3570877504752,689.2830810919509,699.2033081054688,4812496
2022-01-21,693.5345509459607,697.8349583038363,673.7430132629737,679.5094604492188,6704622
2022-01-24,674.6715478284943,690.9934705920967,662.0147248028273,674.2806396484375,11091633
2022-01-25,668.5141923784291,704.1389737713639,666.7061003685566,695.733642578125,14128764
2022-01-27,690.504773039833,699.7896921394486,685.6179735137196,691.23779296875,8937312
2022-01-28,698.7145891623347,736.9293359028696,685.7645709916278,699.5941772460938,21450677
2022-01-31,711.5179573333035,718.359476153816,703.2592548264513,712.7885131835938,10745370
2022-02-01,716.4047346331826,718.3594542365473,702.0375336177899,706.6799926757812,4814511
2022-02-02,709.6609815633582,715.1830887198898,704.1877901232397,708.634765625,3286577
2022-02-03,709.563320515373,712.4954003522133,702.233120923272,705.3118286132812,3651578
2022-02-04,704.7741803786437,706.875527966381,700.278348825319,703.8945922851562,3284198
2022-02-07,701.7443374234231,703.7967691450931,683.6631810970536,690.5046997070312,6833983
2022-02-08,695.0983797288978,698.5191394129444,685.129296719014,692.8504638671875,7167684
2022-02-09,691.0911236183185,709.6609607023423,686.2532401006558,703.0637817382812,10185173
2022-02-10,706.5823376605576,710.4917771832351,692.557187580965,707.6574096679688,6074014
2022-02-11,705.360680046049,708.9769237517254,694.8052046334309,698.958984375,5646980
2022-02-14,688.0613165699782,688.0613165699782,669.4914799011863,674.0850830078125,7441445
2022-02-15,680.2424950688517,696.9553256122347,671.0552880844695,695.4404296875,4650249
2022-02-16,701.1580261936504,711.7135013346198,691.970819140348,705.4583740234375,5433910
2022-02-17,708.0483717917305,711.0293074731547,698.8123090629631,700.7670288085938,5107708
2022-02-18,695.9291056939487,703.259304952687,695.2449418324703,696.4177856445312,4099366
2022-02-21,692.0196403447637,700.3271991956092,687.0839849581591,693.8766479492188,4307430
2022-02-22,678.4832288993174,686.5953038324404,671.9349058858403,683.4188842773438,9148804
2022-02-23,684.2496362862022,692.8993071193354,683.6632442125348,688.4523315429688,4124469
2022-02-24,666.559487031781,672.9611827844873,630.8369927292897,655.7108154296875,14139461
2022-02-25,662.1613125044205,679.4117380863403,662.1613125044205,673.0588989257812,6452099
2022-02-28,665.5820404964038,674.3782789170612,651.3614669803364,670.95751953125,8301523
2022-03-02,668.5141215934372,668.5141215934372,650.9216447093993,658.98486328125,10220908
2022-03-03,659.7179404673583,664.4092561133521,653.46281317049,656.834716796875,6517030
2022-03-04,649.9443008692351,652.8275243601444,635.2839031052674,638.900146484375,7094874
2022-03-07,625.5103809464769,663.9694719136555,624.533020976248,660.1089477539062,12615451
2022-03-08,659.7179250870756,671.2996159106123,652.4854380470179,667.5368041992188,8462985
2022-03-09,666.5594414457927,682.1971996028788,659.0337584020324,675.8443603515625,9896395
2022-03-10,684.1030233759675,691.4820781449441,674.964673194363,681.9528198242188,5989327
2022-03-11,680.9266819539636,686.4976455411976,675.8443983366042,679.1185302734375,3353880
2022-03-14,672.5701887991551,688.8920501871107,672.5701887991551,684.5428466796875,4016137
2022-03-15,683.1745500490903,693.4368286978963,679.7537904994882,687.1817016601562,6006439
2022-03-16,693.9254683591007,699.3009473393472,689.0386692861492,695.8801879882812,3843706
2022-03-17,703.6991406783894,711.469163954043,698.8123410903451,706.5335083007812,8168953
2022-03-21,705.6538138052006,707.9505855982281,690.7979321102183,692.166259765625,6317305
2022-03-22,692.459446180103,704.676444171989,689.869418744499,702.966064453125,3000133
2022-03-23,702.9661026964646,703.5524947706524,687.0840044429818,688.9898681640625,7974713
2022-03-24,682.1971625283271,692.8014928409749,682.0505346922477,690.3580932617188,3597143
2022-03-25,696.1734458076419,698.2747934568903,689.8694625132108,693.2902221679688,2930336
2022-03-28,699.0566201934657,720.314196550275,694.0231931947823,716.45361328125,7960258
2022-03-29,723.6372150201632,745.7255224935103,720.314167860704,737.8577880859375,15833573
2022-03-30,745.4812066483449,752.4693532596336,727.7421019601874,732.5311889648438,9938988
2022-03-31,735.9519245578155,741.8160833192323,722.953051234003,737.8577880859375,7371181
2022-04-01,742.5980095002817,749.2929603314922,732.2868749106802,741.3274536132812,5920139
2022-04-04,740.6921278187525,757.4538728667407,739.0795198814095,750.4168701171875,5783224
2022-04-05,750.4169845376409,756.2811444475261,743.7709485704349,749.244140625,3990794
2022-04-06,746.703026773946,763.0249504155064,745.7256667912576,758.0892944335938,7490027
2022-04-07,757.4538701843751,760.2393218456646,742.3536488416504,745.13916015625,5818505
2022-04-08,750.9544465695792,750.9544465695792,740.447827766778,744.845947265625,5583587
2022-04-11,739.861479299617,747.8758427894045,738.8841193533824,740.8876953125,4927865
2022-04-12,742.7446834008083,742.7446834008083,723.3440531898673,724.8590087890625,3904026
2022-04-13,725.2010037239972,739.3727214517573,721.2427082893196,723.881591796875,6343030
2022-04-18,719.9721555603825,723.392915026814,707.0221375803208,712.9840087890625,8950327
2022-04-19,722.2690135267741,722.2690135267741,700.6204664589271,707.1199340820312,9957060
2022-04-20,713.5215274827699,727.6443888682967,707.5596564185106,722.6109619140625,6632292
2022-04-21,727.0580361534696,727.0580361534696,713.472710005734,719.092529296875,6111830
2022-04-22,714.4500582467481,724.1259447300192,712.4953385251428,722.0245971679688,5182247
2022-04-25,713.423815361707,726.1783491324975,712.6419394332761,722.6109619140625,3571031
2022-04-26,728.1331517907964,741.7184787526492,722.3667043112608,739.1773071289062,4987848
2022-04-27,733.0199181439473,744.3084129527012,729.5014463981818,735.4633178710938,4571399
2022-04-28,733.9972579709132,737.2225335919205,727.7421309790773,730.4298706054688,6101866
2022-04-29,734.9746609121279,743.7709002049592,718.897078274012,722.2689819335938,7219115
2022-05-02,717.3821030607072,726.1294853216051,713.8147158803488,724.565673828125,3938533
2022-05-04,720.3142301637016,722.6110020159242,700.767032601593,706.0447998046875,6785271
2022-05-05,709.5632263338404,716.5024571653132,698.07924849717,702.6728515625,4836692
2022-05-06,695.1472207283898,707.5108471798229,691.7264611184786,694.1698608398438,5912312
2022-05-09,690.1138339928984,704.1878410762913,688.5012258740269,695.3916015625,4819274
2022-05-10,694.9029292124518,712.0067284546711,694.0721971105854,703.3571166992188,6746893
2022-05-11,703.3571150093587,718.3595664473054,700.6693751348961,706.484619140625,6919703
2022-05-12,699.0566585165326,706.4357137257508,685.3736201114554,689.4296875,6754953
2022-05-13,696.8576301727935,696.8576301727935,669.2472121470131,674.2806396484375,11938252
2022-05-16,670.322228691617,682.1971747203517,664.2626453494147,677.505859375,5412233
2022-05-17,679.2651226353031,693.9255209655614,675.2090552359396,691.0422973632812,4847812
2022-05-18,704.6764048781831,710.6871914163448,673.5963756505557,680.3890380859375,18992703
2022-05-19,669.4914814203281,677.310360035456,652.7297365278238,658.98486328125,7322668
2022-05-20,672.9122587496586,675.8443383084807,667.5367795584849,672.3258666992188,5577407
2022-05-23,666.3639092736918,678.1899988154171,664.2137057521682,670.3222045898438,3788601
2022-05-24,673.6453353734182,673.6453353734182,660.5486883796959,662.8455200195312,4053608
2022-05-25,665.826416510923,674.2806033121666,664.1648927886001,672.6190795898438,4188088
2022-05-26,674.3782914239647,679.7537705585036,660.5975415040167,677.9456787109375,5780597
2022-05-27,681.2686563677111,684.1518797917813,660.6952439132059,668.9050903320312,7131633
2022-05-30,671.8860383153474,687.81699188046,667.536775068354,683.223388671875,4675033
2022-05-31,681.7085284556581,690.6024796609224,676.9194410969378,684.347412109375,44593174
2022-06-01,685.666843393045,690.2115909052234,675.6000480970897,678.923095703125,3749781
2022-06-02,673.3032284634954,681.1709633713401,667.5856375155748,680.193603515625,3466993
2022-06-03,681.2686537492475,684.933753091188,669.7358197506031,670.95751953125,6673615
2022-06-06,666.7548341905159,674.182744438216,661.1838716780883,667.4878540039062,6407024
2022-06-07,662.7966414956144,671.6905927437365,658.0564101782608,669.7847290039062,8349903
2022-06-08,667.0481597113303,672.2281554678026,645.4973849436276,648.2828369140625,13904149
2022-06-09,645.0575427940972,664.0183489739164,640.2684553574817,661.037353515625,6774925
2022-06-10,652.8763733250569,661.135075906313,652.8763733250569,658.105224609375,3221484
2022-06-13,645.155181815701,658.1051991997649,643.1027500916255,656.1016235351562,5982102
2022-06-14,653.9515142058458,673.7919687776454,653.9515142058458,666.6083374023438,8878530
2022-06-15,666.5105973339807,669.4915331054664,658.2518942285133,666.6571655273438,6005970
2022-06-16,667.6345201425303,668.4164557808643,635.2839314924701,639.3888549804688,9525587
2022-06-17,641.1480681636502,646.7678873586823,623.5555906835501,629.0776977539062,11085830
2022-06-20,630.3482490870431,632.7916487194037,619.8416306678927,626.3899536132812,3883001
2022-06-21,627.5627695246385,643.2494436821829,625.9990175419874,639.486572265625,3515991
2022-06-22,633.915595689446,635.625975483177,626.9275083241906,628.2957763671875,4348884
2022-06-23,633.4758762756962,649.5533997514013,633.0849084338621,645.2530517578125,4336533
2022-06-24,647.1099565323132,660.4020867712933,647.1099565323132,656.0039672851562,5621332
2022-06-27,659.7179487797297,671.4462678691472,656.003992998744,668.46533203125,5284297
2022-06-28,667.5367906270649,669.3937982397681,660.9884675731208,665.7286987304688,3216376
2022-06-29,661.672674077318,673.4987053952169,659.7179542129833,672.2281494140625,5011798
2022-06-30,674.1827982635054,675.9420340254349,663.6273240386195,669.442626953125,6505666
2022-07-01,669.3448694279805,670.2733732161661,650.9216601163424,658.2030029296875,4488771
2022-07-04,655.3198043813914,669.9802026896999,650.9705409525972,666.4617309570312,4229588
2022-07-05,667.8299917727344,673.694151032533,664.6535721736768,668.9539794921875,3494504
2022-07-06,669.0028289282096,679.2162514685139,668.7096328987867,678.2388916015625,4697006
2022-07-07,676.3329540705108,680.7310729914897,669.9312595717473,671.2506713867188,3485283
2022-07-08,672.4235357665212,680.8288061022797,671.1041239108605,679.4116821289062,2732170
2022-07-11,659.7178933866275,665.582052438953,644.0312798523187,645.5950317382812,18687521
2022-07-12,648.2339640023301,651.8013515554896,645.0575442767251,647.9896240234375,7416645
2022-07-13,654.8311920284576,654.8311920284576,626.4877523734946,628.93115234375,12030163
2022-07-14,635.2839169111465,637.4341205605853,614.515019627513,627.1229858398438,11379990
2022-07-15,634.2577000850195,642.6141150496798,628.6867368908083,637.0431518554688,5567877
2022-07-18,642.1253763665942,654.8310535245329,634.4531259440848,648.0383911132812,8982417
2022-07-19,659.7179593559753,661.6726792355486,648.0873522111877,657.66552734375,7836419
2022-07-20,664.6046598403885,664.6046598403885,653.0718262032316,655.4663696289062,4458819
2022-07-21,656.2971739646428,664.555877064332,656.0039779248076,662.9920654296875,3550107
2022-07-22,664.3115656699243,666.4617694767484,659.9134459232322,663.4807739257812,2415220
2022-07-25,664.604706508539,671.006401677334,661.2328030522084,663.0409545898438,2913348
2022-07-26,667.1458376051921,669.8335773049181,655.0754668150211,668.6118774414062,5016687
2022-07-27,668.4653346754056,668.4653346754056,654.5379557016319,659.6202392578125,6237523
2022-07-28,663.4319044277844,664.0183561741272,649.1624733998453,651.75244140625,7374170
2022-07-29,657.5677080662081,665.2400188314051,655.808472232313,662.6011352539062,7669970
2022-08-01,665.54626805326,685.0330693428729,664.6627104470199,681.744384765625,8812526
2022-08-02,687.1928191088742,687.4873183333721,668.687722161683,674.2343139648438,6236599
2022-08-03,675.4124007512831,684.1004578110045,674.4306966804238,680.4682006835938,5237250
2022-08-04,685.425776679139,685.7202759091517,668.2459558796971,681.5971069335938,6352142
2022-08-05,685.2294102962354,697.0098586107839,683.6095746856015,690.7760620117188,5811092
2022-08-08,694.9973661895152,696.8625678583164,686.2111033121982,691.4631958007812,5918607
2022-08-10,700.8385418656821,704.8635044837906,693.0830559408861,702.163818359375,12201239
2022-08-11,705.6488124274136,706.2378707694816,692.7885141914218,696.8134765625,7142902
2022-08-12,696.8626127263797,699.4641524889864,693.7212076254089,696.7153930664062,4540159
2022-08-16,701.9184331552758,702.9001372575909,687.6837236717073,691.2178344726562,6679663
2022-08-17,694.064769701303,711.3918703097453,689.4507486403886,709.7229614257812,8812954
2022-08-18,711.7354154323878,722.5341596665343,707.7104529124982,719.785400390625,10354897
2022-08-19,716.8403009551149,724.1048748895344,712.7171320093852,718.90185546875,13743828
2022-08-22,718.4600840034419,720.96347726215,711.1464367761102,714.287841796875,8118490
2022-08-23,711.7354117614154,729.0133784795506,709.3302249379783,724.1048583984375,8229797
2022-08-24,709.6247082091124,740.4011643770131,704.8634678048329,725.2338256835938,14922081
2022-08-25,731.1731513276063,740.2539136270551,721.7978898021373,727.4426879882812,9849958
2022-08-26,727.9335658378824,727.9335658378824,714.680560930517,717.4783935546875,5928897
2022-08-29,704.5689270553769,711.637207380319,702.0164608699641,707.4158325195312,5878942
2022-08-30,708.7903375951543,716.7421165841697,698.7769441108103,713.30615234375,8894800
2022-09-01,713.2079443852264,732.351172073474,713.2079443852264,721.6015014648438,11869518
2022-09-02,711.7354495509142,727.3445682050015,706.4833567526471,721.552490234375,5693707
2022-09-05,721.5525335112179,728.3753891791325,719.8345512885721,726.853759765625,3660135
2022-09-06,726.8536398463845,751.0035334244151,726.8536398463845,747.3221435546875,10166270
2022-09-07,741.6773414978292,747.9602708068206,673.6452690794029,739.3212280273438,126794211
2022-09-08,745.1133074323743,761.8022747925197,743.1989727220785,755.7156982421875,10648073
2022-09-09,758.8572224496511,760.624277736864,748.9420356191805,751.7398681640625,4627905
2022-09-12,752.9669492040553,757.2864706636119,750.5126892653196,755.07763671875,2654087
2022-09-13,759.8389011197003,774.4663147856409,755.9120850932419,769.9013671875,8335652
2022-09-14,761.8023216656852,773.9754755153552,761.5568956599939,769.017822265625,6645392
2022-09-15,773.5828056084243,776.184345356091,767.6925812002385,770.73583984375,5485310
2022-09-16,773.5828253268061,773.5828253268061,762.2441550357212,765.3856201171875,20211162
2022-09-19,759.3480706886528,771.6193711199496,758.0718674274897,768.4288330078125,5760313
2022-09-20,772.3065614799156,782.369027645336,770.6376526687884,777.6568603515625,7936714
2022-09-21,777.6568509083098,782.418091361382,764.7474192854662,765.9254760742188,9966193
2022-09-22,776.7242853570599,780.2583961016874,762.1459437189319,769.754150390625,7721133
2022-09-23,773.5827614905697,773.5827614905697,754.6358860418146,757.2373657226562,9271829
2022-09-26,755.8630093195823,757.041066107226,739.4194672644148,741.235595703125,13144297
2022-09-27,744.9660390362119,751.0035424626072,743.346263425111,746.6840209960938,5965026
2022-09-28,741.6773430962862,756.8937545032915,741.1864911154152,747.5184936523438,5546932
2022-09-29,749.9728293533241,754.9304228774749,745.4078815024804,750.6600341796875,5413233
2022-09-30,751.936211961228,794.1985583678136,747.5185438368087,785.2650756835938,7469164
2022-10-03,788.7010496406699,800.6287177746458,783.4488970760119,788.6519165039062,12619046
2022-10-04,798.125368035496,801.8067581094604,792.7259959270148,793.904052734375,5772140
2022-10-06,795.7201677828828,800.9231870159736,772.2574780582787,774.1717529296875,6503205
2022-10-07,777.509566073964,782.2217332785997,770.343138875408,778.5894165039062,6025982
2022-10-10,770.5885756812567,780.2583362255252,765.4346296217468,777.8531494140625,3519416
2022-10-11,782.9090038003244,782.9090038003244,761.8023660803157,766.023681640625,3699862
2022-10-12,766.0236901348346,767.0544674465726,755.1267986933824,761.360595703125,5984299
2022-10-13,760.8206461867753,764.7474624251587,753.6051453161302,754.832275390625,2842056
2022-10-14,765.6800747639609,765.6800747639609,749.0892525902992,751.9362182617188,3608210
2022-10-17,747.0767703541887,756.8938107004988,745.9477867469794,751.9852905273438,4566333
2022-10-18,755.7648217009248,771.2266601360432,754.5868248025399,768.821533203125,4391263
2022-10-19,773.5336968872532,774.2209016870277,765.2382859094183,769.0669555664062,5219180
2022-10-20,767.692590044365,779.4730389964525,764.0602729671124,778.3931884765625,4756732
2022-10-21,775.5461565302794,788.1610289064589,775.3007305313774,782.85986328125,4807736
2022-10-24,785.3631892479503,792.72596914715,785.3631892479503,787.4247436523438,522406
2022-10-25,791.4006900364527,791.596982898331,784.0869833778071,787.62109375,3184277
2022-10-27,791.7442909605968,807.1570560355239,789.4863837016234,802.1503295898438,8159181
2022-10-28,804.0155948434127,809.3168205350383,796.4564618825607,801.9049072265625,3905093
2022-10-31,807.9423741560715,818.5447651382195,804.9972622211162,816.7777099609375,5487233
2022-11-01,812.85096369513,826.0548953185559,806.0281084775233,820.2628173828125,10488759
2022-11-02,814.8143185157238,814.8143185157238,792.4805525564074,795.032958984375,11729925
2022-11-03,794.9348679451705,809.3168564885311,789.4864223591243,803.6720581054688,5897840
2022-11-04,800.7759909945963,806.7643616232242,794.3949147857317,801.4631958007812,3768226
2022-11-07,802.0521634317738,808.9731646086626,794.1985314765055,807.6478881835938,7171570
2022-11-09,809.1204971351324,810.3967004277043,799.5488825631517,804.064697265625,3969171
2022-11-10,804.8009389747174,815.5015366984395,802.5921049424456,810.64208984375,4425290
2022-11-11,815.5505935408582,821.5880970752302,808.7277387944719,811.7710571289062,4325441
2022-11-14,803.0338792262891,815.5996785556739,802.0521752174549,806.862548828125,10406576
2022-11-15,807.5988153507167,823.40422570081,807.5988153507167,819.96826171875,6229710
2022-11-16,822.1771313201261,828.6072807813857,812.900016183031,825.8094482421875,3445345
2022-11-17,826.3984965411762,833.8594836264771,823.0607385637857,830.6689453125,4545534
2022-11-18,834.3992919394115,836.2644935104469,815.8941363611073,821.980712890625,7405949
2022-11-21,821.686255925598,837.1971672915174,819.7228479066598,835.62646484375,5527122
2022-11-22,837.7862162822815,844.8053639204405,829.6380251600146,832.09228515625,7601660
2022-11-23,836.264591518731,836.264591518731,826.2021247596388,827.8219604492188,4596816
2022-11-24,830.5216327133195,835.4301530012232,822.4225742382782,832.82861328125,3455310
2022-11-25,836.4118176923758,844.2654497833842,826.2020720066821,831.3560180664062,2991065
2022-11-28,824.8768120130362,836.9517596101363,820.7536430993179,822.0789794921875,3668846
2022-11-29,823.6497037584104,829.3435753048718,819.7228875307184,820.5573120117188,2680296
2022-11-30,819.526469946307,836.4117903741716,817.3667092081286,833.2212524414062,6874390
2022-12-01,837.3935574463396,837.5899102406873,826.2021072715836,833.0740356445312,4506664
2022-12-02,835.822855092357,836.3627803380739,823.7478472998989,833.1231689453125,3505272
2022-12-05,835.4301540434544,836.0191525113535,825.4658338791947,828.6563720703125,3311316
2022-12-06,829.4417567960588,829.5399032314247,814.5198435944765,818.10302734375,5567349
2022-12-07,822.2261871778288,826.2020764616485,816.7777418690048,818.7411499023438,3771882
2022-12-08,817.7594658375385,824.8277469137038,811.182036781684,817.3667602539062,4822179
2022-12-09,815.1088811650915,821.293604851443,808.8750842587019,819.624755859375,4615843
2022-12-12,817.366761385299,821.6372099189884,810.2985402178095,813.24365234375,3149823
2022-12-13,806.9607034967344,824.631375836079,806.9607034967344,822.717041015625,3832999
2022-12-14,825.2695147993394,826.5947912692641,812.9982144538931,814.0289916992188,7491333
2022-12-15,813.8325574466143,815.7959653053516,809.2676102076689,811.2310180664062,2996482
2022-12-16,809.9057944340389,817.4649271657812,804.8991280358292,807.6969604492188,4309644
2022-12-19,807.6479351906609,829.5889967753319,806.9607303708866,825.0241088867188,6397169
2022-12-20,824.3858990678287,824.3858990678287,806.9606538061985,813.7835083007812,2828863
2022-12-21,817.759494116031,817.8085673360672,797.4872810087952,799.1071166992188,5079337
2022-12-22,804.0155984965888,809.6113234368502,794.6894102356393,801.6594848632812,3626834
2022-12-23,799.1070730131855,802.984815879435,790.2717368250791,793.85498046875,2804496
2022-12-26,790.3208362032854,800.2851563126455,786.4922263461145,796.1619873046875,6023206
2022-12-27,800.0888088503674,804.4574039007886,790.2717682509764,799.8924560546875,1782053
2022-12-28,798.1253780432439,799.0089356394576,786.7867084569486,789.0936889648438,2907741
2022-12-29,792.2842243662966,809.6603976577076,746.1932082358582,805.7335815429688,6110313
2022-12-30,809.6113551115242,809.7095015507273,790.2226998104757,791.3516235351562,3113243
2023-01-02,791.4988568756722,801.266823744217,790.860725302746,798.6162109375,1626846
2023-01-03,795.5238202464974,803.8192311116688,793.7076917960417,802.6411743164062,1717603
2023-01-04,803.9665345044845,805.4390905625847,791.4498080106325,796.9473266601562,2970216
2023-01-05,809.9058394107592,809.9058394107592,789.0446283956336,792.3333129882812,5297349
2023-01-06,792.7750708354946,797.3890917217311,777.5095852799152,781.4364013671875,3199618
2023-01-09,788.0137957312377,806.4698185481618,786.3939601989077,804.4082641601562,4340729
2023-01-10,810.9856522122543,810.9856522122543,775.8406609188231,778.343994140625,8392344
2023-01-11,760.8205714670228,765.3855188632068,737.8978078940756,751.54345703125,28389020
2023-01-12,751.0035976792288,755.2249131073286,739.7630743315797,743.0518188476562,12732671
2023-01-13,743.1499180940611,751.9361807606347,738.2413981594901,750.3163452148438,12279288
2023-01-16,752.3779741606388,754.0468230360615,740.8429520902176,745.2606201171875,5779293
2023-01-17,745.2605859029193,754.8321995219293,744.8678803511677,751.6907348632812,6594428
2023-01-18,754.1450197432637,765.7291148821483,751.9852589740073,762.3422241210938,5800899
2023-01-19,761.8023042827073,762.2931562828894,751.6416918463194,757.87548828125,4169463
2023-01-20,761.6550744661251,761.6550744661251,744.4261801180418,750.4636840820312,6289718
2023-01-23,753.8505766052888,761.8023555762649,749.8746272013396,758.562744140625,2685320
2023-01-24,758.8572006373812,763.3239419045307,747.0767525032951,761.458740234375,5012125
2023-01-25,760.7715226474331,766.219967834119,753.9486679008371,762.2931518554688,6560514
2023-01-27,760.7714906767867,764.6492332764369,751.788875535727,760.3297119140625,6745926
2023-01-30,757.4828091700936,760.7715536372532,749.0401784394701,756.1084594726562,5420851
2023-01-31,760.8206863464044,764.7475027920633,754.3414631784528,756.2066650390625,8537557
2023-02-01,761.7532731784574,770.2941104374823,742.7572637701757,755.028564453125,4472974
2023-02-02,751.1016844676569,766.710801578572,751.0526112527833,763.520263671875,2841909
2023-02-03,765.6310354451344,780.4056698555185,764.1584793261235,778.3931884765625,5493687
2023-02-06,775.2516542682598,780.1111010111111,764.5510567908078,774.8098754882812,2407975
2023-02-07,779.3748110122416,781.2890858319015,768.6742136996157,771.5211791992188,4126502
2023-02-08,763.7657278334337,766.7108398944881,751.0035755688649,760.9187622070312,9951783
2023-02-09,755.9120975951042,760.9187641442599,747.3712606126107,752.6234130859375,5913945
2023-02-10,754.881364808795,759.0536071516088,747.0768053838391,757.8264770507812,2954992
2023-02-13,756.893772222126,765.3364025233691,752.6724570715045,754.5376586914062,3705892
2023-02-14,754.9304514168589,763.3730826928872,752.1816919259518,761.0170288085938,3502010
2023-02-15,760.8206492791339,772.7483776190879,758.0718898847854,771.0303955078125,3602838
2023-02-16,775.2025900854295,776.0370145207571,766.318120921805,770.0977172851562,3399428
2023-02-17,771.5702619489032,773.0428179320419,756.2065705574408,762.587646484375,3093216
2023-02-20,766.9562688387239,779.2766423576574,762.8821731712691,764.8947143554688,3381774
2023-02-21,768.723324889558,773.5827717976128,763.9130111175261,764.7965087890625,2769616
2023-02-22,762.7840679552911,767.3490158814816,752.4761751450844,758.0228271484375,3261898
2023-02-23,759.8389681486808,763.2749324749345,747.9112394487292,748.9911499023438,4062194
2023-02-24,761.5078390836892,761.605985520727,741.186553384682,743.2481079101562,4357223
2023-02-27,739.2231464371894,740.5975560685999,724.9393645554616,739.125,6719439
2023-02-28,741.1865879879853,743.2481426097058,726.1174541730979,728.6698608398438,10562614
2023-03-01,728.817146289175,739.664964587885,727.4427365846527,736.4744262695312,3744982
2023-03-02,737.2597411733232,738.04509242923,722.337827637255,726.5591430664062,4910541
2023-03-03,731.369469487613,751.8871067600842,729.945986724382,750.41455078125,5759333
2023-03-06,752.6724861384948,761.7041751304351,751.1017237512027,752.5742797851562,4597345
2023-03-08,750.0218742423356,755.8139519505957,746.7822629472319,752.5252075195312,3546995
2023-03-09,780.4546598138514,780.4546598138514,756.1084132272488,759.2498779296875,5240056
2023-03-10,758.8572278246163,764.6983788840605,754.1450603858527,759.593505859375,4113931
2023-03-13,763.2258238497783,763.5693962990811,749.1874679516965,751.298095703125,3447889
2023-03-14,750.0218589372971,762.5385849863162,750.0218589372971,757.6791381835938,3753502
2023-03-15,744.1316729899942,751.5435266145797,738.7323006925733,742.806396484375,8101060
2023-03-16,736.2780746781632,745.1134115743012,729.8969980309524,732.3021850585938,7465693
2023-03-17,736.2780314382841,745.5551466180983,725.6265665508607,743.3953857421875,9306857
2023-03-20,741.1374529084437,745.8986933804077,735.099949291167,740.9901733398438,3566109
2023-03-21,746.0950764759731,751.9853007639413,741.3338358105827,743.1008911132812,5332221
2023-03-22,747.0767841934193,749.2365450933078,739.3704313461932,742.85546875,2680654
2023-03-23,744.1316329020864,751.7889121276777,743.002649333335,749.580078125,2454948
2023-03-24,749.5800945982828,752.9669854605127,744.9660737075972,748.500244140625,2336818
2023-03-27,749.0401793612314,755.6176083851856,745.4569356629584,747.8130493164062,2258853
2023-03-28,751.5925972089484,751.5925972089484,729.2097568378593,734.7564086914062,4166723
2023-03-29,737.2596895776147,741.0883590701005,725.3319622435639,729.9950561523438,4891868
2023-03-31,738.3887173758151,739.2231418421177,728.4734706244667,735.2963256835938,5796532
2023-04-03,741.1865642242252,747.9603461957778,738.2905252677364,746.635009765625,2120667
2023-04-05,753.9487362257178,753.9487362257178,742.1682872221909,749.4819946289062,3197932
2023-04-06,748.6474737904638,754.6359043603734,745.2115096649032,751.9362182617188,1777379
2023-04-10,754.8813357611016,762.0968365089319,752.4270756538859,755.6666870117188,1701065
2023-04-11,761.8023345601598,761.8023345601598,754.0959818183976,759.9862060546875,3485481
2023-04-12,759.838908975374,760.3788342009026,751.1017192587907,756.991943359375,3794841
2023-04-13,755.9121523420973,757.0411360175258,751.4454106983138,753.01611328125,4292170
2023-04-17,774.5644531711364,774.5644531711364,740.548385727987,745.75146484375,9083437
2023-04-18,751.0036167999599,751.0036167999599,738.7813890918761,745.8496704101562,4051481
2023-04-19,747.4203628437542,752.8197351790287,742.1682700850079,750.6600341796875,3429794
2023-04-20,750.0219121193314,759.593526835514,748.6475024491103,758.1700439453125,2355441
2023-04-21,755.5194130415359,761.0660648923665,750.4636731342493,751.199951171875,4524208
2023-04-24,751.1999008077828,753.3596615570425,741.8246397409381,746.3404541015625,5271105
2023-04-25,750.9545384090085,762.7840604385525,747.8130734093531,758.4645385742188,5773233
2023-04-26,765.631014351457,765.631014351457,753.0651545473258,759.2990112304688,5057352
2023-04-27,757.8755208747218,774.7608423908557,757.2373892796585,772.1102294921875,4129769
2023-04-28,775.3988499366408,787.3756502492918,772.7973703900296,784.6759643554688,6572656
2023-05-02,785.6086674477704,792.0388170033259,774.122718058094,775.7425537109375,6301210
2023-05-03,779.9638442468628,779.9638442468628,762.9803766767839,765.0419311523438,3908267
2023-05-04,765.0419707764087,778.1968292991446,759.4953787246694,774.6626586914062,2457671
2023-05-05,774.6626241134201,776.4788125153248,765.9745674376467,772.8955688476562,1438467
2023-05-08,775.4480026829336,780.7491682574505,770.8339819640062,779.2275390625,2489174
2023-05-09,782.3199323269688,783.7433551753904,776.0370028337971,779.0802612304688,2486331
2023-05-10,782.4181044360955,782.9580296637462,773.6318414678328,781.4854736328125,2737334
2023-05-11,780.0129037322193,780.0129037322193,769.3614392652462,774.1717529296875,4808171
2023-05-12,773.0919153832868,779.1784922880913,770.1468033246839,777.4605102539062,2576010
2023-05-15,778.4912738601289,787.8174618824129,775.1043830683449,782.4671630859375,7569060
2023-05-16,786.1977075495471,786.5904131584467,769.6560173681402,772.9447021484375,4846217
2023-05-17,773.5828235321671,783.0562919755489,769.557860727367,777.7550659179688,6529233
2023-05-18,783.3507479561426,788.3083413570749,780.111136619189,784.72509765625,11383252
2023-05-19,784.7250660571056,793.5604020303593,778.7366956426163,791.0079956054688,3432240
2023-05-22,786.3449578344755,789.2900700361027,784.8724017336618,787.1793823242188,9996762
2023-05-23,794.1494841873458,794.1494841873458,783.3507398963017,785.3141479492188,6516636
2023-05-24,788.2102270132323,788.2102270132323,780.4547408412615,786.7376708984375,9104329
2023-05-25,784.9704899616826,810.3966473842463,783.2525079714676,807.6478881835938,9570396
2023-05-26,812.7527690719038,814.1761919432759,798.518061010525,802.9848022460938,6150206
2023-05-29,814.225276357507,814.225276357507,803.0338274115297,806.224365234375,3684829
2023-05-30,806.2244674198897,811.2311342090853,797.929056045393,803.4757080078125,5148256
2023-05-31,804.0156022056248,872.4894584374225,803.0338981736277,834.3502807617188,47342125
2023-06-01,822.6188586068683,822.6188586068683,807.9423721831552,812.8018188476562,9713155
2023-06-02,817.5631176160166,823.9441939157261,811.820172913662,821.1954345703125,6834131
2023-06-05,823.1588106606805,825.9566431159367,816.9250141776218,819.2319946289062,5298053
2023-06-06,819.2320073961848,822.9133974833456,811.0348027694902,814.2744140625,2722174
2023-06-07,813.7345165987763,831.9941880867473,812.1146809377718,828.8036499023438,4110739
2023-06-08,832.1904773796779,833.8593861324775,819.2810460512513,820.7045288085938,4050621
2023-06-09,823.2078985203891,824.4350285521464,813.7835638438763,818.2503051757812,3332436
2023-06-12,819.5756006659927,827.6746590635796,816.5323420839804,821.0481567382812,1569715
2023-06-13,822.7661068344682,828.5581844609981,817.5140143482182,819.084716796875,3224345
2023-06-14,816.7777079664461,818.6920427031835,804.0155562794703,812.8018188476562,5108720
2023-06-15,811.8692235911873,818.5447989356941,809.1204643220914,814.5198364257812,3865201
2023-06-16,807.4515590810923,824.6313794870731,805.7826502579626,822.4716186523438,4907797
2023-06-19,824.631337054231,824.631337054231,812.3600373956859,812.9981689453125,3017364
2023-06-20,812.9490522774367,818.4466305868865,811.7219222867279,815.9923706054688,2691557
2023-06-21,816.7777907106675,825.3677013701847,815.2070881574547,823.6497192382812,3022724
2023-06-22,821.3917564645106,828.0673317432424,819.4283484461508,827.380126953125,4380046
2023-06-23,828.5581318100915,846.9650808283844,825.9565923814579,839.1605224609375,7667340
2023-06-26,841.6638975644546,841.6638975644546,830.8651536012538,836.3627319335938,4431992
2023-06-27,840.8294681734377,855.4077484703582,837.9825026325549,849.0758056640625,5533649
2023-06-28,853.5916357274691,857.6165981965239,847.7995581076513,856.2422485351562,6272649
2023-06-30,863.8995543652205,866.8446664823747,851.1864750758132,862.6724243164062,5217511
2023-07-03,863.8994878781538,867.973583294052,858.5982625078832,863.0650634765625,3333167
2023-07-04,857.8129315608896,857.8129315608896,837.6879998343345,849.3212280273438,7397493
2023-07-05,852.1190997179135,855.0642118137127,847.259652776153,850.7938232421875,4284477
2023-07-06,848.5358125641,861.8379494501016,847.6523149316965,853.7388916015625,6365222
2023-07-07,849.1739323475666,867.4336021855773,846.7196724274869,854.5242309570312,18763997
2023-07-10,851.1374268477748,873.3239148143692,849.1740187120245,869.2008056640625,4310681
2023-07-11,873.7165865205309,876.8089781817791,870.0842696265852,875.5818481445312,3353977
2023-07-12,873.6675415039062,879.3123398574556,866.9428327316449,873.6675415039062,3033186
2023-07-13,875.0418399403195,876.9561747316848,867.0900614758267,868.8571166992188,4228714
2023-07-14,868.8080226427004,873.9619685397333,863.555930315011,870.2805786132812,3860080
2023-07-17,869.7897877149802,880.2449598078321,859.9727472215832,862.0343017578125,5614592
2023-07-18,861.0035027648963,864.0958944096734,847.3578527744569,859.4328002929688,4731911
2023-07-19,859.4328075592721,860.954436826528,851.3337492880989,854.8187866210938,6641825
2023-07-20,855.0641900723869,870.4769549655347,852.1190780514717,868.6607666015625,3779959
2023-07-21,862.0342484095111,875.5818113867556,858.7946372308703,869.7897338867188,7001587
2023-07-24,868.8080600215098,876.2689866260627,864.6848911428009,871.9004516601562,4125577
2023-07-25,871.7531766392531,878.330605608849,863.015986824922,867.4827880859375,3652262
2023-07-26,870.2806587390963,880.0976994468132,867.1391937289347,873.1276245117188,2845581
2023-07-27,873.078407866547,884.9079887226573,871.9004110290613,878.7723388671875,3445446
2023-07-28,883.4354939517375,883.4354939517375,874.2565251810664,878.7232666015625,2314339
2023-07-31,877.6433706110278,881.3738338044303,869.0534606637722,873.618408203125,4424817
2023-08-01,878.1342583104396,880.9812239760907,871.9004616626513,875.33642578125,2087412
2023-08-02,867.0410283605211,874.3547355117938,856.6349294864441,862.0343017578125,3328903
2023-08-03,858.9910763479985,865.9120781794528,849.2721819167905,855.75146484375,4642067
2023-08-04,853.1008339310042,876.6126583112989,850.3520745280373,873.373046875,7066276
2023-08-07,868.9552925734156,884.0734977526965,867.9244554706727,875.0909423828125,4086452
2023-08-08,875.6800285446542,877.9379359170748,864.3413585443882,869.2008056640625,3282856
2023-08-09,868.8080636025412,881.0302907182687,862.7214866534983,867.5318603515625,3185159
2023-08-10,865.8629587692443,867.7282204029109,852.3154550715126,858.794677734375,3439922
2023-08-11,859.9781172257823,861.6546921077359,853.0746231654836,858.548095703125,2812690
2023-08-14,858.49882301156,858.5974202807814,845.7766452099597,855.0963745117188,2665905
2023-08-16,858.005693480659,861.9505472437885,841.4373197142536,845.1356201171875,3962408
2023-08-17,845.3822058603738,847.9956354623415,838.281456776003,844.8890991210938,3013019
2023-08-18,844.8891206153813,850.1160401459854,840.5004584854014,844.4453125,4929835
2023-08-21,843.8535657509539,861.9505585491952,842.3248867427377,859.9288330078125,3220142
2023-08-22,858.9918886146853,867.8185107603136,854.2580762385547,865.5502319335938,3333869
2023-08-23,864.9091781574083,864.9091781574083,854.8497891321188,856.1812133789062,1860153
2023-08-24,860.9643023842145,862.6408772111002,852.2856364607746,857.4632568359375,2842728
2023-08-25,857.4632452641665,863.87363230881,849.2283273290653,861.4573974609375,3124339
2023-08-28,861.9998317881169,863.6764066487824,853.9128696671406,858.350830078125,3094455
2023-08-29,858.0056755843035,858.0056755843035,836.8020870497488,843.4097290039062,14064286
2023-08-30,847.9955846502774,850.7076715538085,844.6424951403073,845.924560546875,3261665
2023-08-31,843.7055845242102,847.6504382215765,835.3720690497859,844.5932006835938,12528190
2023-09-01,841.3880157216618,855.5894530622558,840.9935062703851,854.0115356445312,4427899
2023-09-04,853.8142914881948,857.463293279756,847.8477121743447,853.3704833984375,3102649
2023-09-05,851.2007735241998,855.8359886086195,846.56561863347,853.9622192382812,2216754
2023-09-06,855.1950254138994,870.234780670061,853.8636011274664,868.1636962890625,4235096
2023-09-07,868.1636721404094,871.5168218866454,861.1122822179088,863.2326049804688,4532834
2023-09-08,869.6429936291222,878.3710186318876,866.0433507130305,873.6371459960938,3741470
2023-09-11,875.7575353033365,879.9982410594229,871.4181720869694,878.5189208984375,2733894
2023-09-12,882.5624724042685,884.1403899038642,872.7989348186501,878.12451171875,4106031
2023-09-13,875.8067842822528,905.3438871940422,873.3412508203954,902.533203125,5222561
2023-09-14,907.6122163591562,907.9080683522764,897.5528272372292,902.3359985351562,5513106
2023-09-15,900.0183987790812,935.6207415631934,897.4542678056854,923.2437744140625,14003428
2023-09-18,916.5867864397319,922.8985162790999,905.3439292538741,907.5136108398438,2977375
2023-09-20,898.4404442785624,906.6260037958198,892.3259089088394,898.1445922851562,5241903
2023-09-21,897.651462729919,907.4642982518225,890.8958647182594,905.2946166992188,4896202
2023-09-22,905.2946469856972,909.6339500423854,891.3397026135427,898.8349609375,6112928
2023-09-25,899.4266723357491,900.7580364245587,889.6138364047512,897.8487548828125,5278045
2023-09-26,897.4542161101915,908.2532651449808,895.4817892615977,900.1170043945312,5355047
2023-09-27,902.3359473168656,908.3518248790391,894.9393469402484,907.5628662109375,4713145
2023-09-28,913.2336393937695,919.1509199945931,905.9356359086107,912.8884887695312,7386917
2023-09-29,919.1509451291062,923.4903084325146,909.0915557938903,913.628173828125,5608557
2023-10-03,905.5904812892251,915.4526155804227,903.4207997064234,912.5432739257812,4338272
2023-10-04,905.6397695897889,913.184326313958,905.6397695897889,911.5077514648438,5603669
2023-10-05,912.2967733498577,916.784032673227,906.7247032691707,916.0443725585938,7063132
2023-10-06,916.3895554485728,916.3895554485728,911.5570854361968,913.282958984375,2420855
2023-10-09,905.3439637249619,915.2553970407287,903.9139421574639,911.8036499023438,2248103
2023-10-10,911.8036443363156,940.8969414679625,908.3518972190016,935.2755126953125,7897875
2023-10-11,935.4234457782845,943.6090052735049,934.9303390593714,942.425537109375,5645289
2023-10-12,942.4255453988175,943.609013573357,933.9441338363861,937.2479248046875,5544735
2023-10-13,933.2537507159111,942.7707343311474,933.2537507159111,941.0448608398438,4421671
2023-10-16,944.7431622956171,945.5321209966937,930.8375168901686,933.5003051757812,1881721
2023-10-17,933.5003506681002,947.0114872846042,932.9579452967827,940.5025024414062,3863410
2023-10-18,939.8613960329486,945.680079330356,937.5438185567234,939.7134399414062,2334392
2023-10-19,932.7606353255136,938.1848091048574,928.3719735925793,929.949951171875,4306963
2023-10-20,924.8709418589913,934.437224160907,924.0819831543746,932.1689453125,3125104
2023-10-23,928.6185596560593,936.015160524795,924.0820018673782,926.3502807617188,2180066
2023-10-25,911.8529200386376,926.695480424769,906.3301488673036,909.8804931640625,6365249
2023-10-26,908.9436679922419,911.8529495715125,887.6414209406829,893.0162963867188,6595332
2023-10-27,898.1938860436366,905.7384428998489,893.9531803113205,901.9907836914062,3508393
2023-10-30,902.1880683635893,919.1016534149405,897.7994063928543,913.480224609375,3686768
2023-10-31,907.6122636166848,910.8174574620398,899.8212131549619,901.7936401367188,5697563
2023-11-01,890.5507468445904,901.9415001724689,883.1048473233325,900.856689453125,4821458
2023-11-02,907.3163835051998,913.1843656329122,903.7660391254826,911.11328125,6611573
2023-11-03,912.2474246213361,920.827493518675,909.4860390504098,917.9181518554688,3895154
2023-11-06,921.3206416028502,927.7310291988325,917.1785329636305,926.251708984375,2760800
2023-11-07,923.1451095320351,926.0051526817365,919.594765106062,924.22998046875,3616946
2023-11-08,928.815815102141,928.815815102141,921.5178716888993,923.83544921875,1808553
2023-11-09,923.8354570439095,924.3778624072252,917.7209215638343,919.49609375,3914416
2023-11-10,916.1922738561013,924.0819812735921,916.1922738561013,922.6026611328125,1345614
2023-11-13,925.0681983988553,927.3364772517135,920.926089949376,922.1095581054688,1656368
2023-11-15,934.9303441097862,939.5655593313472,923.2930375193099,936.9027709960938,4816316
2023-11-16,935.9165790075699,940.749049067278,930.2458515794418,936.458984375,5310736
2023-11-17,935.7193104110979,940.8476323958093,932.9579247866202,934.239990234375,3249469
2023-11-20,935.9165590901432,951.0056127564409,928.9637663432277,948.1456298828125,4646962
2023-11-21,953.668373421375,962.8894447849433,947.7510929244481,957.4652709960938,5704644
2023-11-22,960.8677523229487,962.8401792230035,952.6328940926968,956.3804931640625,3309732
2023-11-23,956.6270204282941,967.4753680826356,950.4138879013639,963.1853637695312,2749555
2023-11-24,961.5581133824509,963.6784963766171,957.6132595839587,959.733642578125,2322104
2023-11-28,960.6211428146819,974.378831677202,957.8104587238577,971.3215942382812,5096984
2023-11-29,982.1699866016216,993.2155289479946,977.2882180466725,981.6768798828125,5647918
2023-11-30,981.2823382714245,1004.1625013130739,979.0140594779771,1000.7107543945312,9934052
2023-12-01,1001.0066063773827,1008.4525055486441,994.3003672600947,1000.7107543945312,5544950
2023-12-04,1021.7171497734981,1029.6068574937567,1011.0659961961945,1018.659912109375,5164902
2023-12-05,1024.4786206887675,1031.529950826312,1008.0087831874522,1016.8847045898438,4266159
2023-12-06,1014.9122104438597,1020.7308937222647,999.4780064762542,1010.3262939453125,4121251
2023-12-07,1001.0066415405273,1005.6418567469901,984.2410130615234,986.2134399414062,13805235
2023-12-08,984.9313421944802,990.158261215946,977.633338900871,986.4599609375,6630766
2023-12-11,982.367182940045,990.7499971752111,978.3730305490866,987.0516967773438,6195119
2023-12-12,985.4737231617027,987.051640497346,973.3926092175137,981.5288696289062,7119331
2023-12-13,979.5071652807429,988.1858312006535,977.8305904545389,986.1148071289062,4153219
2023-12-14,992.1306945323441,997.2590163241321,985.375156723591,991.3417358398438,6541673
2023-12-15,985.8683015288926,996.9138440381273,974.6254440967956,978.8661499023438,10119597
2023-12-18,981.2823531014303,985.0299520594615,968.609534729305,976.5978393554688,5750263
2023-12-19,981.7261869940402,984.1917206093783,972.3078606221873,974.8226928710938,3912964
2023-12-20,979.2113323582611,979.9509924259523,955.6408074570255,958.1556396484375,3990591
2023-12-21,954.654614673378,968.0177948131771,946.7649071140938,964.4181518554688,4294277
2023-12-22,968.3629742106023,985.1779008619243,962.1004829224306,975.907470703125,4605120
2023-12-26,981.2823795830698,988.6789804341984,976.0061617200747,986.0654907226562,2460643
2023-12-27,986.2134182789054,1009.9318991434651,984.2409914423476,1007.1211547851562,4791379
2023-12-28,1009.7838897772814,1027.5849688056066,1008.1073150159249,1022.4073486328125,5288328
2023-12-29,1018.9064574386966,1028.8671892794778,1010.2770896877305,1017.969482421875,4631749
2024-01-01,1017.7228936715331,1017.7228936715331,993.1169169235629,999.08349609375,3804406
2024-01-02,1003.3736129464141,1011.3125591830157,1001.992890004757,1007.6143188476562,6865791
2024-01-03,1017.7229677631221,1022.7033940666183,1007.269128796139,1020.9281616210938,3604276
2024-01-04,1020.9775004580986,1044.2028759598666,1013.3837048520998,1033.453125,4664043
2024-01-05,1039.2718299091878,1048.9860087642198,1024.6264631883344,1032.1710205078125,4008221
2024-01-08,1035.524134907209,1044.4000560635563,1030.839620963581,1034.5872802734375,4489695
2024-01-09,1042.4276178663692,1053.1773685613894,1033.6010556335234,1049.82421875,3371125
2024-01-10,1052.2403572179799,1058.5029087264575,1040.7510672186897,1048.0489501953125,3111573
2024-01-11,1051.0569423823747,1059.0946057565116,1042.7727256555797,1048.1968994140625,2604325
2024-01-12,1043.5123480923305,1063.6804838450962,1037.101961154325,1061.5107421875,3394013
2024-01-15,1063.1875076729355,1089.4700010352597,1059.7357604364315,1087.2017822265625,3312897
2024-01-16,1091.7383274373713,1101.6004622832372,1077.9313386531587,1080.7913818359375,5025540
2024-01-17,1076.9450263476158,1093.6612952225112,1063.9270577005625,1070.2880859375,4568700
2024-01-18,1060.3767498063035,1080.8900395884882,1060.3767498063035,1072.0634765625,4407330
2024-01-19,1075.9588555772568,1120.6836106935739,1074.775447612418,1109.4901123046875,11753391
2024-01-23,1129.214381611615,1156.384609865607,1119.3522472743955,1142.03515625,18194595
2024-01-24,1124.3819600280942,1177.538890467549,1124.3819600280942,1173.544677734375,9546592
2024-01-25,1169.6491325650616,1184.0971834486747,1141.098301809594,1144.550048828125,11424697
2024-01-29,1142.0351199900256,1153.6231274683355,1142.0351199900256,1146.1279296875,4015858
2024-01-30,1146.1280167017399,1164.5701605719744,1138.6328183518679,1142.67626953125,3902023
2024-01-31,1143.021409175492,1158.8501834885712,1130.3978286327495,1154.56005859375,5981966
2024-02-01,1148.988009796964,1154.066912673751,1133.109877194679,1135.328857421875,3606209
2024-02-02,1139.0764964379189,1158.99795930292,1129.510274449626,1134.9344482421875,4969983
2024-02-05,1138.4354332057546,1143.6624124679106,1094.6968922635126,1098.197998046875,7809331
2024-02-06,1109.4901254427007,1140.1613394996843,1107.5176985530247,1118.4154052734375,9863065
2024-02-07,1123.0998253656078,1132.4194934862473,1116.1963318281346,1118.661865234375,2770694
2024-02-08,1128.6226667278795,1130.6936908412158,1100.8113759331113,1126.4036865234375,6519392
2024-02-09,1130.1511777731437,1130.1511777731437,1100.860688461307,1104.8055419921875,4203171
2024-02-12,1107.4191464085875,1113.4350245897435,1095.979094059811,1103.2769775390625,3887976
2024-02-13,1095.683061082551,1109.4900483509177,1088.582372928055,1102.4385986328125,3211554
2024-02-14,1094.6968622727188,1105.693165642393,1089.4698831537632,1100.4661865234375,4653070
2024-02-15,1106.8274275131657,1115.8511844698764,1094.1052496499617,1105.2493896484375,5056712
2024-02-16,1108.5039358956474,1111.5119351222047,1101.4524855355598,1104.55908203125,3091952
2024-02-19,1105.5946838741286,1129.2144488635233,1102.9318352120604,1126.4530029296875,4711035
2024-02-20,1129.2142831075255,1135.7232671248194,1119.352149630604,1128.1787109375,5397418
2024-02-21,1139.0764908260933,1143.1693005632474,1116.985286320475,1124.1846923828125,4570259
2024-02-22,1121.9164408102838,1123.0506103999107,1082.5172600866651,1119.894775390625,8642368
2024-02-23,1111.4626252854,1116.2457367293362,1099.9239753783875,1110.2298583984375,6709844
2024-02-26,1102.6851613345705,1110.3776738900342,1089.1247272952041,1094.7462158203125,3186134
2024-02-27,1097.655593148039,1115.4074356248268,1086.1169436930818,1111.9556884765625,7149094
2024-02-28,1117.7742707941488,1136.7588783901397,1108.0107342387355,1113.1883544921875,5302711
2024-02-29,1103.4249542734735,1122.261608112162,1083.8486403071868,1107.8629150390625,13818650
2024-03-01,1112.4487368474558,1125.0229579421414,1101.9948986815073,1113.1390380859375,5927490
2024-03-04,1116.3936046571737,1133.4057863535838,1116.3936046571737,1117.8729248046875,5855090
2024-03-05,1117.4291844237036,1163.4853038374815,1117.4291844237036,1152.784912109375,5375008
2024-03-06,1157.7652047342087,1180.1029629382997,1141.394085919773,1177.242919921875,5464839
2024-03-07,1193.1702462395453,1196.8685464533642,1173.051468998895,1183.16015625,8903981
2024-03-11,1169.6490675331627,1201.5038078308794,1169.6490675331627,1180.1029052734375,6679208
2024-03-12,1183.4561757188085,1191.3458835569338,1181.286554218279,1187.6475830078125,4249548
2024-03-13,1195.2905677640374,1195.2905677640374,1135.821855222809,1152.6368408203125,7528096
2024-03-14,1157.765282516524,1183.160279973648,1147.5087584942378,1178.130615234375,8569080
2024-03-15,1173.5940161533042,1205.9418657618958,1171.4736331390798,1203.180419921875,10115416
2024-03-18,1208.1114364526068,1213.5849690747523,1198.4464968060338,1208.4073486328125,4141080
2024-03-19,1199.432765550153,1223.299203587274,1197.8548480868242,1211.415283203125,7703719
2024-03-20,1211.3166431983411,1221.9184375515933,1206.7800855060536,1214.8177490234375,6596032
2024-03-21,1220.9321825847028,1225.764652295995,1197.3616583749379,1203.9693603515625,9952250
2024-03-22,1210.0345941630235,1227.8357958236961,1205.152885539403,1219.0584716796875,7840007
2024-03-26,1208.1114521799027,1216.987373053061,1193.3182507246386,1196.37548828125,10898138
2024-03-27,1193.860764688126,1211.3166949583808,1193.860764688126,1207.914306640625,5779169
2024-03-28,1210.034466998073,1221.4252797726228,1203.4762442845683,1211.6617431640625,10518377
2024-04-01,1211.0700916347114,1214.9163480879006,1191.345823041312,1200.56689453125,5461473
2024-04-02,1208.1114826009014,1210.8235696026586,1186.6119811229273,1191.5924072265625,3625577
2024-04-03,1178.5250535458156,1223.4963620555268,1173.0515208325537,1208.8017578125,9532291
2024-04-04,1214.9656032702455,1216.0011755406229,1184.7382575442073,1190.211669921875,7327626
2024-04-05,1189.2748044431585,1194.6496195048844,1172.558414500141,1174.5802001953125,4227519
2024-04-08,1171.6214715679616,1193.8606309887841,1166.7890020269492,1188.0911865234375,4827733
2024-04-09,1198.1999676555577,1198.1999676555577,1181.7796102321865,1187.8447265625,3372798
2024-04-10,1196.52343481367,1213.7328108808472,1192.0854744125477,1212.4508056640625,6442196
2024-04-12,1209.196275824134,1214.8670031093752,1202.7366500185933,1208.6539306640625,7877073
2024-04-15,1193.909974792086,1217.973606974979,1193.66342143035,1207.667724609375,4281602
2024-04-16,1207.0266838354057,1216.938056925768,1195.340078353171,1199.6793212890625,5235632
2024-04-18,1203.1804169804218,1264.177695190026,1199.038368617902,1248.2996826171875,19939924
2024-04-19,1262.3532050038789,1278.6257267871322,1236.0705927128452,1271.2291259765625,13103862
2024-04-22,1286.022283205372,1287.4030060531604,1270.4894220393564,1279.6612548828125,7894656
2024-04-23,1291.9396462393458,1332.374398526226,1284.148535745616,1323.8436279296875,12074766
2024-04-24,1333.3604905976906,1335.3329173589298,1315.1649018802093,1317.9755859375,6277492
2024-04-25,1312.6501010793654,1325.2736813859462,1306.0917575637384,1320.243896484375,8512627
2024-04-26,1319.5535551735718,1327.147350348094,1303.774140462976,1307.718994140625,5289771
2024-04-29,1306.2397292639869,1327.443318678238,1301.8017686889111,1314.080078125,3195888
2024-04-30,1304.9083256985014,1316.3977362505912,1301.752370485921,1304.070068359375,5272565
2024-05-02,1297.1171973947226,1301.7031138636721,1275.7656528279133,1286.0716552734375,7995432
2024-05-03,1287.9947425863597,1292.4327030317183,1240.8044539281873,1259.7890625,11290875
2024-05-06,1257.422082209037,1280.548738232754,1255.646849938026,1265.706298828125,5555467
2024-05-07,1268.615651566955,1276.6039564611576,1253.4772991363725,1268.41845703125,5767030
2024-05-08,1258.5562857465543,1281.485747866059,1257.1262040486083,1270.8345947265625,2682816
2024-05-09,1265.311804121669,1277.4422772109124,1252.5403886262889,1257.8658447265625,4809145
2024-05-10,1257.471522645904,1290.4603147887597,1254.2169700669508,1283.211669921875,5532513
2024-05-13,1283.2117087114548,1284.9375823218068,1263.7339922517683,1268.22119140625,3703942
2024-05-14,1272.7578282622558,1281.9789000307385,1263.0435293766575,1266.593994140625,3262908
2024-05-15,1263.881816880964,1300.0758001038328,1262.8462446675198,1291.8409423828125,6891004
2024-05-16,1309.6914384431557,1338.1436718951106,1303.0838565999388,1326.5556640625,11932181
2024-05-17,1334.9385503242647,1341.2503407109705,1320.78641088027,1325.9146728515625,6614017
2024-05-21,1337.3054954067675,1343.9624364790357,1317.334672189963,1325.766845703125,5422220
2024-05-22,1323.6464113115976,1332.374376301678,1311.2201458691625,1329.317138671875,3026723
2024-05-23,1332.1277470594475,1358.311760925617,1325.7667187986788,1355.1065673828125,7147341
2024-05-24,1356.53664658917,1378.4798965976097,1355.1066851930134,1369.357421875,5622368
2024-05-27,1376.7539368084301,1387.602284448038,1359.0020952163445,1365.2645263671875,6553974
2024-05-28,1365.708383659235,1367.8286461891164,1348.0551394737822,1352.14794921875,2068963
2024-05-29,1336.8123157610053,1371.0832327456567,1336.8123157610053,1358.114501953125,4445083
2024-05-30,1359.7910945593974,1367.3355308176651,1344.7019812681042,1358.163818359375,7100303
2024-05-31,1360.9745101359042,1368.8642174410397,1319.5535467839418,1353.824462890625,24825643
2024-06-03,1395.7879465562285,1400.8668495233412,1365.9056308102631,1371.9215087890625,6017122
2024-06-04,1371.9214220157578,1377.7401050911126,1202.2434805896828,1281.781494140625,19924421
2024-06-05,1307.3737761313134,1330.1552808679628,1262.2051556955462,1325.81591796875,12175520
2024-06-06,1340.2641709020031,1357.2763540867415,1310.6777653633274,1351.7042236328125,10279789
2024-06-07,1351.7040019431797,1410.9261621385056,1344.3567605943686,1405.6005859375,12280748
2024-06-10,1401.4585815033724,1416.8434862603754,1401.4585815033724,1406.3896484375,5318477
2024-06-11,1406.3403533278047,1414.8217647612814,1393.5195787182245,1407.5731201171875,4416792
2024-06-12,1405.354052697814,1427.8890041320199,1402.4940098464278,1418.5693359375,4876138
2024-06-13,1429.023335528587,1435.8774710740622,1400.8668924603528,1406.0938720703125,7990376
2024-06-14,1414.2300538746206,1414.2300538746206,1401.3599205013531,1407.7210693359375,3978442
2024-06-18,1424.0922235735738,1424.0922235735738,1398.4506738416396,1408.657958984375,8671131
2024-06-19,1414.1807530299523,1415.019130786918,1369.1602045655725,1373.154296875,8640918
2024-06-20,1386.5667865883688,1387.5530000630608,1357.276294544969,1362.1087646484375,8742855
2024-06-21,1365.8562536401241,1404.3185777456931,1353.923095110488,1396.527587890625,43929578
2024-06-24,1382.6713039856756,1404.1708060827762,1370.1956793408522,1400.2259521484375,6195831
2024-06-25,1414.2300407116736,1414.2300407116736,1390.4129626012916,1395.442626953125,6353748
2024-06-26,1395.4426823885688,1459.546557073419,1389.525401648429,1439.3785400390625,9579826
2024-06-27,1443.8164905588649,1468.4718268047473,1420.1967265902633,1455.453857421875,19675528
2024-06-28,1515.0704348342108,1515.0704348342108,1416.8435978477416,1424.1416015625,29145832
2024-07-01,1430.0094919322773,1446.5779259247906,1429.2698318502432,1433.954345703125,6011806
2024-07-02,1441.8441118310177,1453.0869696122393,1397.4645051057128,1399.3875732421875,7792632
2024-07-03,1408.2634513723176,1412.6521734684666,1389.0322890481596,1400.275146484375,8261388
2024-07-04,1398.4506044369582,1421.2321099522144,1392.0402173221203,1403.4310302734375,9570938
2024-07-05,1402.8885694472265,1413.8355141717643,1397.3164396281854,1409.9892578125,4881198
2024-07-08,1411.2714479147253,1419.0131994250407,1403.52969640441,1415.3642578125,3261797
2024-07-09,1416.20253696718,1421.7746671267357,1408.4607853376988,1415.7587890625,2897480
2024-07-10,1421.1335949517859,1428.7767492619014,1406.4883491576225,1425.1278076171875,3416762
2024-07-11,1430.0095308143189,1430.8477881859396,1408.3128344847223,1418.1256103515625,4178558
2024-07-12,1422.1197237007784,1427.642494666801,1401.8529901629902,1413.4903564453125,6342135
2024-07-15,1413.490391187128,1420.1473318049636,1406.3897026830555,1417.7803955078125,3324806
2024-07-16,1431.9818878121805,1452.9882818420633,1425.0783938626726,1446.281982421875,6967651
2024-07-18,1445.788865795556,1465.4637752617646,1438.934730719076,1463.195556640625,6470342
2024-07-19,1459.5958063429964,1459.5958063429964,1431.9324728043157,1441.597412109375,3858596
2024-07-22,1430.0095538719172,1451.7062505513532,1429.0726992157151,1445.197265625,3560584
2024-07-23,1449.7336856607312,1449.7336856607312,1408.7564710845538,1445.492919921875,2936143
2024-07-24,1445.7889711918415,1455.2565965846513,1416.7450321697165,1435.1378173828125,4529339
2024-07-25,1425.0783329768756,1433.9542533898803,1420.2458633412089,1429.171142578125,4277756
2024-07-26,1430.2559923593205,1499.0443774426253,1429.1711816899629,1493.5216064453125,9564987
2024-07-29,1503.975486556938,1503.975486556938,1456.6866005608056,1460.92724609375,4589313
2024-07-30,1463.9352039310047,1464.4283106340004,1443.8657851965568,1450.078857421875,4263689
2024-07-31,1457.475619018746,1483.413082617375,1452.840463653351,1470.98681640625,5634305
2024-08-01,1464.5268881451605,1490.1684363551094,1464.5268881451605,1484.7442626953125,4531379
2024-08-02,1473.5014802768655,1484.399186970816,1463.1462391312123,1473.2056884765625,3335905
2024-08-05,1461.5682463600026,1467.4855267096382,1431.4887379160214,1445.492919921875,5111901
2024-08-06,1462.6531062177266,1472.3180459355494,1411.370008129027,1423.6484375,8249573
2024-08-07,1439.9620182043307,1442.8379996148785,1410.8057382521752,1429.7969970703125,5700734
2024-08-08,1423.1030271553045,1454.34187409286,1418.1444800223592,1439.7637939453125,5986360
2024-08-09,1452.8542325699207,1469.7132919239743,1445.2181188152174,1451.961669921875,3615910
2024-08-12,1453.8459980796479,1465.2506563183356,1433.0201004263924,1446.50732421875,4028226
2024-08-13,1455.8293808709282,1466.1431827127315,1438.3256859696467,1447.59814453125,4495208
2024-08-14,1441.0528868298818,1467.829040293595,1441.0528868298818,1459.4986572265625,5891784
2024-08-16,1467.7298715848824,1478.6386746844998,1455.9285058381872,1471.25048828125,7176426
2024-08-19,1474.671955092678,1476.7545207301773,1452.1601989560693,1457.4658203125,4404075
2024-08-20,1467.7299538379389,1472.440573622216,1434.5076879909316,1437.1357421875,10046892
2024-08-21,1440.9538233962949,1454.4410476348723,1435.6977149151705,1451.317138671875,6175510
2024-08-22,1461.4820737350453,1487.4649322833907,1452.8542505000953,1474.0272216796875,6781325
2024-08-23,1480.6221740935323,1497.4812343477788,1467.085316207143,1494.2581787109375,6238112
2024-08-26,1496.489504800467,1508.0924565137798,1492.5226671469204,1501.0018310546875,4307432
2024-08-27,1505.414868633024,1513.6956179082501,1489.547518239,1510.12548828125,3965066
2024-08-28,1515.282328261828,1551.5293552301443,1509.034631681102,1543.4468994140625,6225319
2024-08-29,1552.0252839660698,1558.6696888351357,1533.1331705845757,1552.9178466796875,8036748
2024-08-30,1562.9339985302859,1595.0654069756854,1548.6533591036334,1575.8758544921875,37820442
2024-09-02,1591.6935546081613,1591.6935546081613,1552.5210341053435,1558.322509765625,4890314
2024-09-03,1565.9092212522494,1565.9092212522494,1545.6783242644397,1547.6617431640625,4546295
2024-09-04,1545.0832368835377,1553.0169120408345,1529.2158865689444,1548.950927734375,5213811
2024-09-05,1546.0750225923184,1550.0418603667697,1528.7201073290948,1534.372802734375,5652812
2024-09-06,1539.9264809899037,1542.7031948124218,1517.5137505935581,1526.48876953125,5497805
2024-09-09,1510.6214083067318,1533.9265802057687,1510.6214083067318,1529.860595703125,3912508
2024-09-10,1532.3398273000187,1572.8511327043614,1532.3398273000187,1564.7686767578125,6163457
2024-09-11,1565.3636304646234,1585.644160024583,1561.3967929242822,1564.7191162109375,5994914
2024-09-12,1582.916941982038,1639.097302247129,1576.917051844284,1633.097412109375,12204496
2024-09-13,1637.3122533966011,1641.1799443485638,1617.527698879112,1620.8994140625,5609618
2024-09-16,1620.8994038668964,1639.2460280324376,1616.5854921261139,1621.89111328125,3762063
2024-09-17,1636.3205587342034,1652.2375435015663,1624.9159002945407,1647.97314453125,4223072
2024-09-18,1641.477371829532,1657.0967950829047,1634.1883318562805,1641.179931640625,3171195
2024-09-19,1634.0395229327034,1697.5089242598776,1634.0395229327034,1651.04736328125,8498240
2024-09-20,1657.1464350262888,1709.1120326642626,1652.187887943625,1697.55859375,21646275
2024-09-23,1704.7485306163608,1739.7062884431361,1704.7485306163608,1735.937744140625,5001827
2024-09-24,1737.4748308899004,1752.8959601467361,1731.623721345911,1742.0863037109375,7579205
2024-09-25,1740.9955313468167,1752.2514091209669,1730.5329484785486,1745.8052978515625,4017103
2024-09-26,1755.3256477718326,1764.2510324215198,1731.6734026618167,1756.41650390625,7417423
2024-09-27,1740.6483058195895,1748.8299084418002,1708.2194565766843,1720.2191162109375,7116861
2024-09-30,1699.7898894037503,1718.6323677577009,1690.07108898735,1695.3768310546875,6907288
2024-10-01,1690.8645168244616,1708.5665052962765,1681.9391322781742,1684.61669921875,3649090
2024-10-03,1651.1961537838697,1680.9474358340296,1651.1961537838697,1659.5760498046875,7200276
2024-10-04,1656.2043744726727,1672.716239560555,1616.6351441837319,1627.2960205078125,8576527
2024-10-07,1637.31219276775,1656.1546710612615,1628.8330291123602,1648.2706298828125,5387707
2024-10-08,1648.8160679915902,1665.5759815080908,1638.3039722842311,1643.708740234375,5224335
2024-10-09,1652.9316226564424,1690.467798785298,1647.278927567443,1664.1875,3414614
2024-10-10,1672.617029799058,1684.86461653074,1651.1961312272244,1664.1875,5047657
2024-10-11,1664.187576305186,1676.236870135029,1644.8988762450629,1673.4105224609375,2367678
2024-10-14,1672.0220941797384,1695.8727543260768,1665.4272022775158,1681.54248046875,2069815
2024-10-15,1693.8396276523147,1718.3844349031313,1685.8563186888402,1703.012939453125,5891334
2024-10-16,1705.7401652065914,1727.8056993204557,1702.864183739646,1719.574462890625,3299887
2024-10-17,1722.351340028693,1723.541342912728,1680.352470185237,1687.0465087890625,4373392
2024-10-18,1695.8231174450298,1701.8725207283533,1671.228675271638,1693.69091796875,4154915
2024-10-21,1691.4100446873852,1694.7817598587612,1648.2210511511773,1678.517822265625,3836168
2024-10-22,1677.9722874963065,1698.6990379542221,1673.3608146222061,1678.22021484375,3070057
2024-10-23,1675.9888614644642,1687.2447387780294,1666.1709143365383,1671.82373046875,2764757
2024-10-24,1673.0138321388245,1678.9640888032186,1643.6592568061362,1664.53466796875,3669575
2024-10-25,1667.1626539919503,1670.7824175263368,1642.1219915538793,1652.1878662109375,3434386
2024-10-28,1644.4029739708797,1663.9396008243875,1632.0066064094465,1649.559814453125,2811651
2024-10-29,1636.8163962480994,1654.121677188332,1596.6521647739714,1623.5274658203125,6990747
2024-10-30,1614.3046789789096,1637.3122896223679,1604.3875845535772,1619.80859375,4622628
2024-10-31,1620.453196677562,1625.2134503297918,1588.8672757765003,1599.2305908203125,4921681
2024-11-01,1606.5692007178998,1612.866531089306,1592.0406340429627,1603.048583984375,279441
2024-11-04,1605.726334262962,1610.3873201213667,1560.008554136931,1578.0576171875,6094029
2024-11-05,1570.123975571089,1580.6857053503006,1553.016987679978,1565.314208984375,6473278
2024-11-06,1569.8759869347814,1597.3959229028424,1553.5127817645832,1585.5450439453125,6631728
2024-11-07,1582.718565296283,1595.214200557558,1556.6366807641537,1562.7357177734375,5160994
2024-11-08,1557.9754997056518,1566.4050297804436,1545.9262060341464,1556.8846435546875,3096384
2024-11-11,1548.0584034325336,1568.4875932572072,1538.9347251988436,1547.6121826171875,3664301
2024-11-12,1555.79381090626,1581.7765496942259,1537.2487718266007,1542.7528076171875,4479934
2024-11-13,1546.967551869879,1559.4630663776882,1533.5298407760313,1537.5958251953125,5816699
2024-11-14,1537.1495310547505,1555.0002998024831,1523.811088386004,1537.6453857421875,5139154
2024-11-18,1555.942390635251,1555.942390635251,1516.7698699412754,1524.25732421875,4816078
2024-11-19,1524.2573190174585,1545.0832160242032,1506.7041113922262,1512.8526611328125,6238241
2024-11-21,1525.2490568094568,1529.2655283017389,1498.472903016313,1512.505615234375,7356679
2024-11-22,1520.2905717507851,1561.9423682371082,1507.5966424935457,1556.2896728515625,7640321
2024-11-25,1568.8346766198333,1595.908392348482,1549.5956106194408,1565.6612548828125,12155641
2024-11-26,1576.8180013485198,1591.544862243798,1553.0169749130705,1564.1737060546875,4030593
2024-11-27,1556.1409042638131,1570.619837990379,1541.2652625464616,1564.5704345703125,4982785
2024-11-28,1557.9754743817023,1575.3303889594742,1544.0419088259516,1547.46337890625,6714728
2024-11-29,1538.290116988543,1635.229714428469,1538.290116988543,1613.6600341796875,10775801
2024-12-02,1613.6599398846556,1632.5519309153465,1603.7923589308846,1629.9735107421875,3790108
2024-12-03,1639.1965215609926,1639.1965215609926,1599.776072187385,1607.11474609375,9131055
2024-12-04,1616.238354059703,1616.9821360910237,1569.2809393606492,1570.966796875,8772014
2024-12-05,1586.7350485118698,1608.6022893224847,1572.2064815122776,1601.957763671875,10324005
2024-12-06,1604.585874710944,1611.1807667018509,1581.5782641149153,1584.6029052734375,4296866
2024-12-09,1582.6690244241763,1592.5861182283777,1575.875839379953,1589.263916015625,4264409
2024-12-10,1597.1976891795864,1598.4868388183645,1557.033456805162,1565.5621337890625,14645786
2024-12-11,1574.8344929756463,1574.8344929756463,1558.173726994408,1572.85107421875,3853182
2024-12-12,1565.413296958698,1604.486671756462,1565.413296958698,1597.1976318359375,13120939
2024-12-13,1604.5857779575313,1671.0303064638074,1593.4786813171052,1667.8072509765625,12900707
2024-12-16,1667.807251180467,1673.0137254297294,1646.386352766584,1648.7664794921875,4375126
2024-12-17,1636.8163247292393,1644.8987803535226,1595.1645309463686,1601.908203125,6182486
2024-12-18,1607.957718950532,1609.5444298514833,1582.8674215591093,1588.619384765625,3905144
2024-12-19,1573.2478079753505,1596.4041981301114,1572.3056114154133,1587.0325927734375,5865855
2024-12-20,1596.6521560714723,1608.850230283404,1560.3556157413789,1565.0166015625,9738879
2024-12-23,1572.8510896827163,1594.1232076362628,1565.2644886513433,1573.74365234375,4363599
2024-12-24,1576.8179578613504,1585.545049070309,1561.9423167494508,1570.7685546875,3610076
2024-12-26,1570.7686146769386,1593.5282980240522,1567.9917798066892,1586.2392578125,3400479
2024-12-27,1586.2392296228948,1614.949169131801,1583.0658078775332,1586.5863037109375,2559578
2024-12-30,1591.6935680584866,1599.676877056794,1567.991689468889,1573.74365234375,4438130
2024-12-31,1569.876050062244,1583.9582757456174,1550.388935273378,1574.586669921875,2249626
2025-01-01,1579.793136063459,1593.2308473829798,1570.9173850092022,1582.470703125,1405565
2025-01-02,1586.6359345201176,1606.1725617847092,1575.2312761236258,1596.3546142578125,3728040
2025-01-03,1601.6107360644885,1603.5941549326797,1580.090689767925,1585.5946044921875,3669685
2025-01-06,1582.9169968001856,1596.5033672751379,1554.1077900561047,1575.28076171875,4584188
2025-01-07,1580.7847975210407,1589.7101821996414,1570.9173373274543,1577.660888671875,2830856
2025-01-08,1585.4954295765262,1600.0735095752789,1564.7686785607114,1585.941650390625,3674564
2025-01-09,1586.7350846801287,1606.7675667009034,1579.198117239554,1593.7266845703125,4684859
2025-01-10,1594.668767171449,1611.5278275208984,1578.603122791168,1602.5032958984375,4145892
2025-01-13,1566.9008981935704,1601.3131669647628,1565.016626066365,1583.958251953125,3705039
2025-01-14,1591.3960676641,1619.8582008285803,1565.4133291231879,1586.834228515625,7284572
2025-01-15,1594.7184135262914,1600.470255643723,1579.7931380299403,1594.123291015625,2960985
2025-01-16,1605.6272288932903,1621.4449461526285,1587.2806041203096,1616.6846923828125,5299325
2025-01-17,1616.5855003569166,1625.4117384012577,1609.544387690812,1614.007080078125,2678801
2025-01-20,1624.4200364154299,1631.3620023830172,1604.6849946673472,1627.5439453125,3933044
2025-01-21,1640.2874187370853,1642.9649858098971,1606.8668589309905,1612.6683349609375,7958844
2025-01-22,1614.0070368382655,1627.3951136415324,1609.0981237670446,1618.2218017578125,3262136
2025-01-23,1611.0319869360887,1631.7587384650515,1603.7924595933343,1622.4366455078125,2457080
2025-01-24,1620.5028200642591,1648.1219030954665,1620.5028200642591,1631.1636962890625,3620058
2025-01-27,1625.362089411334,1633.5436920454204,1580.4872386001332,1589.3134765625,6622807
2025-01-28,1594.3216193165626,1616.783861131008,1583.7598901393571,1604.932861328125,5216471
2025-01-29,1606.5692417735918,1613.4120609039126,1579.9418683669626,1587.1812744140625,5009227
2025-01-30,1593.3794629145157,1631.3123479015524,1581.974804683119,1627.147216796875,4283637
2025-01-31,1625.5108240580212,1625.5108240580212,1561.1984948377387,1612.8170166015625,8340866
2025-02-01,1613.511268821351,1630.370329405225,1595.858792257276,1609.7923583984375,2741589
2025-02-03,1606.4700794072216,1647.229311488262,1594.7678600774923,1638.6510009765625,4146970
2025-02-04,1648.369806325564,1654.4688433579638,1615.544249339391,1647.675537109375,6385876
2025-02-05,1656.1547111591876,1661.3115516568514,1635.4279603228454,1646.683837890625,3920893
2025-02-06,1652.0887017540035,1653.477119115643,1599.8751780090004,1606.3212890625,5229162
2025-02-07,1621.494520867708,1693.3934531647135,1621.4448869738474,1662.8487548828125,14873255
2025-02-10,1684.7655138415037,1685.906003879313,1664.1380306643002,1679.013671875,6782878
2025-02-11,1691.8562956698006,1692.500931014039,1672.2204004385974,1682.6829833984375,8965266
2025-02-12,1689.872896818191,1699.492430025827,1670.5345626116448,1697.3603515625,7148192
2025-02-13,1695.823048734932,1714.070525634729,1689.7736456967139,1700.3848876953125,5356002
2025-02-14,1699.7899351304422,1709.8061759974432,1691.112477760319,1702.814697265625,5125863
2025-02-17,1697.5585223514956,1702.6658498434836,1652.4357457970964,1661.65869140625,4906462
2025-02-18,1677.9723057142642,1681.889509423088,1642.0724738380143,1655.0638427734375,7529598
2025-02-19,1656.1547449752838,1659.5760940790167,1624.8662640945047,1631.560302734375,7776555
2025-02-20,1626.254626147329,1636.122207256284,1613.7591119899116,1629.8743896484375,5524503
2025-02-21,1629.8744330069487,1644.9483677790772,1615.6929398668744,1625.65966796875,5447583
2025-02-24,1613.511174849537,1623.973757319966,1584.7516025873142,1588.0242919921875,4673190
2025-02-25,1583.7599475515622,1635.4776181406846,1583.7599475515622,1627.7918701171875,6286808
2025-02-27,1629.7753190712936,1642.270833812559,1625.0646992279303,1636.71728515625,7568745
2025-02-28,1628.3372818952935,1634.7833933159038,1546.5708862217894,1557.18212890625,13640211
2025-03-03,1565.9091795525883,1589.4622783583984,1559.7109956563227,1582.5699462890625,6993525
2025-03-04,1575.8262866626471,1577.3138508099057,1555.0003886010263,1562.2894287109375,5219668
2025-03-05,1564.9174367927353,1612.6186348305923,1564.0248741190308,1604.833740234375,6295425
2025-03-06,1604.5858711625117,1618.221875939078,1577.2642277141515,1613.412109375,5174009
2025-03-07,1615.494684360612,1628.7836151225642,1602.2057535986596,1617.1805419921875,3035558
2025-03-10,1626.4034856746728,1641.1799805793491,1613.1145549337234,1617.428466796875,3778450
2025-03-11,1616.4863098758956,1662.5016499024227,1610.5856874134624,1649.1630859375,6078564
2025-03-12,1675.9888579676951,1702.417937247302,1620.4531324965762,1629.229736328125,9907628
2025-03-13,1637.1139063985204,1643.163309454644,1616.0895947345548,1618.965576171875,8317331
2025-03-17,1598.833904929244,1634.7338591616337,1598.833904929244,1625.560546875,6405522
2025-03-18,1625.560546875,1625.560546875,1625.560546875,1625.560546875,0
2025-03-19,1621.444827000761,1628.4364265129727,1614.0070066934181,1623.5770263671875,6283464
2025-03-20,1646.2375771399904,1695.4759722582721,1632.4527924932477,1691.1124267578125,12074465
2025-03-21,1695.4760559490876,1717.045736111863,1677.9723602490183,1711.4921875,14715349
2025-03-24,1725.5743618261117,1725.5743618261117,1700.6328461202454,1704.5501708984375,4120999
2025-03-25,1710.6986746006844,1726.0701699376762,1691.9553431716658,1716.153076171875,4857399
2025-03-26,1724.7314760545662,1750.3671405587422,1711.8392534895443,1724.136474609375,7142394
2025-03-27,1725.5246911253353,1731.9212892754517,1699.0460990440622,1710.401123046875,6222339
2025-03-28,1718.9300280719228,1731.2767622290205,1646.237677388042,1719.0291748046875,4133264
2025-04-01,1700.781669480624,1750.3671408940534,1694.2859243021528,1709.8558349609375,6773056
2025-04-02,1705.7402225998721,1745.8053078539904,1702.7154604097407,1740.0533447265625,6431226
2025-04-03,1733.5080770555912,1740.4004091446,1721.0620753330531,1731.524658203125,2341989
2025-04-04,1739.954164975184,1756.1190768291567,1725.5743784877857,1728.9957275390625,7817334
2025-04-07,1715.657327978495,1760.036325335164,1655.5597602389971,1672.666748046875,14870388
2025-04-08,1706.4342809992186,1727.8553004445048,1692.6496174698434,1706.1368408203125,7206935
2025-04-09,1705.3931328586782,1712.5333922783918,1697.409823583095,1701.3271484375,5600666
2025-04-11,1745.4085794041125,1752.3505453449245,1717.9877897262502,1742.0367431640625,8340002
2025-04-15,1793.2089346430635,1804.9111542864744,1766.3336334255087,1783.886962890625,10313411
2025-04-16,1787.4570207876448,1811.3571927685562,1779.2257844639905,1807.489501953125,6180958
2025-04-17,1818.79506784495,1881.9669091826656,1810.5638312738126,1873.438232421875,10894325
2025-04-21,1882.6611635747417,1888.5122732911605,1853.1081748053396,1867.7855224609375,3501123
2025-04-22,1872.3473614239613,1872.3473614239613,1821.5718881815376,1836.8441162109375,6155127
2025-04-23,1851.521433311533,1870.2647650162721,1820.8775889127721,1866.0003662109375,6855027
2025-04-24,1858.959253741363,1862.2319431555222,1824.2494250505401,1830.298828125,5180688
2025-04-25,1831.3897047100984,1846.2653457438348,1791.0271804618708,1802.13427734375,4570083
2025-04-28,1820.7785145534906,1823.6544961138422,1798.3659056339327,1806.6962890625,3301891
2025-04-29,1808.5804197114385,1832.4807135652707,1802.5310164648379,1808.6796875,4684155
2025-04-30,1821.7702269427543,1861.3394574990027,1811.8531326208015,1849.042236328125,9139821
2025-05-02,1836.645863591673,1867.9838573549073,1816.9108217312728,1832.8773193359375,3866806
2025-05-05,1852.5132040042204,1857.9676058361385,1833.869018409988,1850.52978515625,3548839
2025-05-06,1872.644962701827,1896.148427739512,1866.9921463230748,1885.2396240234375,8597920
2025-05-07,1885.239594001668,1901.1069446087308,1869.8680981010757,1881.074462890625,5554616
2025-05-08,1881.272710309228,1889.9998013528443,1846.9595896728601,1859.35595703125,5500724
2025-05-09,1839.6209414378845,1855.5874386047467,1821.2743174936254,1833.07568359375,3686209
2025-05-12,1853.4057669450206,1867.7855535947258,1838.6292723140127,1855.2900390625,3936019
2025-05-13,1854.496571926845,1868.0829422390414,1801.5392659286156,1805.506103515625,8817763
2025-05-14,1814.8282769743653,1855.1908027985153,1805.1094760295505,1818.993408203125,7401614
2025-05-15,1834.5632267321403,1854.3974145533252,1809.8696386831102,1851.7197265625,8788351
2025-05-16,1818.7950030308969,1818.7950030308969,1795.0931246357968,1798.9608154296875,100662047
2025-05-19,1806.8944960207482,1813.5389004642545,1794.0022740403588,1803.2252197265625,5799804
2025-05-20,1794.7957609339292,1809.770548999271,1784.581105460745,1793.9031982421875,12512596
2025-05-21,1797.9691415627142,1811.3572184579689,1790.3330276087313,1807.390380859375,6849562
2025-05-22,1804.812016356604,1821.4726621501404,1801.241886619295,1816.2166748046875,6496923
2025-05-23,1809.8696336077833,1826.5303997541675,1806.3986507488094,1816.5140380859375,3460945
2025-05-26,1818.79505409742,1834.6624046238971,1815.7207791445708,1832.083984375,3254715
2025-05-27,1828.7122094805422,1842.1994336685257,1818.4975538133851,1828.513916015625,5847725
2025-05-28,1832.678970068801,1851.5214486571706,1829.8029885989208,1840.7117919921875,3713699
2025-05-29,1842.5961096408364,1851.5214944561042,1835.1582889614467,1848.149658203125,5786774
2025-05-30,1838.6292008609764,1851.521422873486,1827.7203976196222,1840.8109130859375,16712960
2025-06-02,1828.7121527216095,1843.5877938771541,1816.3157850919893,1838.7283935546875,3199499
2025-06-03,1851.5214287655804,1854.0007022374143,1816.8116001599053,1826.0345458984375,5596977
2025-06-04,1839.6209109553906,1868.9754845681452,1834.6623640255916,1859.851806640625,5892170
2025-06-05,1868.3804731686369,1873.3390200719505,1853.1081244947754,1863.2236328125,8999675
2025-06-06,1856.5792184367435,1866.2980193721837,1851.8190857596499,1854.6949462890625,4644174
2025-06-09,1858.463445042735,1859.4551544584463,1833.373148401931,1849.63720703125,3649505
2025-06-10,1851.1247304530432,1860.050114998196,1834.959939967343,1841.7034912109375,7925901
2025-06-11,1842.4969729787406,1851.0256498593915,1832.4807319540828,1844.77783203125,8907265
2025-06-12,1856.3808230050638,1867.3887729729095,1816.4148863444686,1828.910400390625,7346031
2025-06-13,1799.952525301367,1829.3070987475194,1799.952525301367,1825.1419677734375,4613000
2025-06-16,1826.827881095153,1854.4965978631628,1823.5553126750672,1845.8687744140625,5722187
2025-06-17,1863.4219260072807,1863.4219260072807,1832.2822272471274,1839.422607421875,6561555
2025-06-18,1832.2823329288224,1855.4883579832406,1827.8196404590603,1850.4306640625,5069427
2025-06-19,1856.4800514867475,1863.4220174912384,1848.6455227843087,1861.4385986328125,4712312
2025-06-20,1864.4136798927684,1932.8416287824498,1858.4634234675787,1920.6435546875,16228526
2025-06-23,1913.9991306359723,1932.8416091240983,1911.1231491813926,1920.2469482421875,2946463
2025-06-24,1934.7259575561889,1946.7256174869638,1913.1066434878355,1917.5693359375,6837210
2025-06-25,1925.8996376580956,1953.6675006109415,1921.9328000934033,1949.303955078125,4152765
2025-06-26,1953.6675658769398,2001.6663262248617,1949.9982894303303,1997.600341796875,9413241
2025-06-27,1993.3358611340732,2022.095433259888,1991.9474437853098,2010.2940673828125,6405854
2025-06-30,2001.2695922519854,2007.1207019910378,1983.6171163053416,1992.939208984375,5597484
2025-07-01,1992.3441571547958,2013.9634702002932,1990.261591655139,2002.657958984375,3769165
2025-07-02,2020.11202533933,2028.8391163856081,2001.5671081888327,2016.4427490234375,6513288
2025-07-03,2024.8722993688673,2027.9465742942143,1996.2118735251586,2002.558837890625,5558647
2025-07-04,2010.1949970414346,2019.6162365440955,1988.4765365025921,2000.4761962890625,2178315
2025-07-07,2001.2696375863966,2019.1204073963843,1993.9309635639677,2017.037841796875,4165432
2025-07-08,2009.2032064202972,2018.1285908515817,1998.0961097735637,2013.1700439453125,3624619
2025-07-09,2018.128646712418,2023.7813419187191,1981.931253294726,2002.9554443359375,2937734
2025-07-10,2011.7816836964873,2011.7816836964873,1946.0314224882566,1948.213134765625,5695845
2025-07-11,1925.8996432020544,1942.8578496282753,1898.3300736247704,1905.96630859375,13103980
2025-07-14,1899.1234997073275,1911.5198671988896,1884.4461521740072,1904.974609375,5269381
2025-07-15,1908.8423349640334,1926.8913979367326,1907.2555030496296,1918.164306640625,4163140
2025-07-16,1927.8831074944278,1927.8831074944278,1912.809172772721,1920.54443359375,4211258
2025-07-17,1927.585541707482,1928.7756656405695,1911.6190443360201,1913.9000244140625,6256455
2025-07-18,1915.0999755859375,1916.0,1891.800048828125,1901.0,4643961
2025-07-21,1894.800048828125,1919.9000244140625,1892.5999755859375,1909.199951171875,5109654
2025-07-22,1909.199951171875,1911.300048828125,1883.0,1906.800048828125,4513541
2025-07-23,1920.0,1949.0,1907.300048828125,1943.800048828125,5194282
2025-07-24,1943.800048828125,1970.4000244140625,1933.699951171875,1936.0999755859375,4150685
2025-07-25,1936.0999755859375,1952.699951171875,1925.0,1937.9000244140625,3896884
2025-07-28,1930.0,1930.0,1885.0,1890.300048828125,3575044
2025-07-29,1880.0,1923.5999755859375,1880.0,1918.300048828125,3748040
2025-07-30,1934.0,1939.199951171875,1922.0999755859375,1932.5999755859375,5044683
2025-07-31,1913.0,1926.5,1895.5999755859375,1914.300048828125,4674966
2025-08-01,1914.0,1919.699951171875,1878.0,1884.4000244140625,5192594
2025-08-04,1892.0,1919.9000244140625,1878.5,1914.5999755859375,3074380
2025-08-05,1920.0,1937.5999755859375,1912.0999755859375,1931.800048828125,5167672
2025-08-06,1930.0,1964.800048828125,1921.5999755859375,1929.699951171875,5461349
2025-08-07,1928.0999755859375,1933.300048828125,1909.0999755859375,1922.5999755859375,4268534
2025-08-08,1886.300048828125,1893.800048828125,1856.0,1858.5999755859375,93801105
2025-08-11,1863.0,1866.0,1845.699951171875,1857.4000244140625,5266532
2025-08-12,1857.4000244140625,1865.0,1847.0999755859375,1850.300048828125,4645011
2025-08-13,1853.0,1872.5,1851.800048828125,1867.4000244140625,6697206
2025-08-14,1873.0,1883.0,1866.800048828125,1873.800048828125,3958631
2025-08-18,1892.5,1912.5999755859375,1870.300048828125,1892.300048828125,7146376
2025-08-19,1901.0999755859375,1931.800048828125,1900.0,1909.699951171875,5706265
2025-08-20,1937.0,1952.0,1926.0,1928.4000244140625,6962619
2025-08-21,1930.0,1940.9000244140625,1927.699951171875,1929.9000244140625,3376913
2025-08-22,1934.0,1947.699951171875,1917.4000244140625,1933.300048828125,3271920
2025-08-25,1940.0,1940.0999755859375,1913.199951171875,1930.699951171875,2451388
2025-08-26,1922.0999755859375,1925.800048828125,1896.199951171875,1904.699951171875,5984656
2025-08-27,1904.699951171875,1904.699951171875,1904.699951171875,1904.699951171875,0
2025-08-28,1893.0,1899.800048828125,1878.199951171875,1881.0999755859375,5494113
2025-08-29,1872.5,1900.0999755859375,1872.5,1888.800048828125,4339042
2025-09-01,1889.0,1904.800048828125,1884.199951171875,1900.5999755859375,3421488
2025-09-02,1904.5,1917.5,1878.0,1887.199951171875,4423049
2025-09-03,1891.0,1892.0999755859375,1870.0,1883.9000244140625,3803044
2025-09-04,1899.0,1903.5,1876.5999755859375,1880.4000244140625,5205333
2025-09-05,1887.0,1910.699951171875,1875.699951171875,1895.300048828125,2620140
2025-09-08,1898.0,1899.0,1884.0999755859375,1887.699951171875,2547552
2025-09-09,1892.0,1904.0,1883.0,1893.699951171875,4517793
2025-09-10,1904.0,1905.0,1883.0,1891.4000244140625,3566139
2025-09-11,1884.0,1916.0,1882.0999755859375,1913.0,4718266
2025-09-12,1925.0,1925.0,1901.5999755859375,1902.5999755859375,3192824
2025-09-15,1904.0,1913.0,1898.4000244140625,1904.5,3553258
2025-09-16,1903.300048828125,1942.0,1902.5,1939.5,5427586
2025-09-17,1938.0999755859375,1950.0999755859375,1932.5999755859375,1941.300048828125,4234637
2025-09-18,1944.5,1949.800048828125,1920.5,1941.0999755859375,5080814
2025-09-19,1930.199951171875,1976.800048828125,1927.800048828125,1962.4000244140625,11287603
2025-09-22,1954.0,1966.0,1944.0,1956.199951171875,4469137
2025-09-23,1950.0,1955.0,1930.0999755859375,1938.699951171875,4348633
2025-09-24,1926.0,1937.300048828125,1918.800048828125,1931.0999755859375,5237977
2025-09-25,1930.0,1950.0,1928.800048828125,1935.5999755859375,7133365
2025-09-26,1931.0999755859375,1944.699951171875,1911.9000244140625,1916.5999755859375,3239306
2025-09-29,1928.0,1928.0,1897.5,1902.199951171875,5072608
2025-09-30,1896.0,1907.5999755859375,1875.199951171875,1878.4000244140625,5945625
2025-10-01,1868.0,1877.0,1855.9000244140625,1867.5999755859375,5675393
2025-10-02,1867.5999755859375,1867.5999755859375,1867.5999755859375,1867.5999755859375,0
2025-10-03,1851.199951171875,1900.300048828125,1848.0999755859375,1896.699951171875,5828332
2025-10-06,1892.5999755859375,1907.0,1887.5,1903.0999755859375,2809218
